race,circuit,driver,grid,actual_stops,actual_comp,actual_pits,p1_stops,p1_comp,p1_pits,set1,ord1,stop1,set_topk,ord_topk,in_short,pit_err_first,pit_err_all,shown,field_shown
2025R5,Jeddah,VER,1,1,MEDIUM-HARD,[21],1,MEDIUM-HARD,[14],1,1,1,1,1,1,7,[7],"[""MEDIUM-HARD"", ""MEDIUM-SOFT"", ""MEDIUM-HARD-HARD"", ""MEDIUM-HARD-MEDIUM"", ""SOFT-HARD""]","[""MEDIUM-HARD"", ""MEDIUM-SOFT"", ""MEDIUM-HARD-HARD"", ""MEDIUM-HARD-MEDIUM"", ""SOFT-HARD""]"
2025R5,Jeddah,PIA,2,1,MEDIUM-HARD,[19],1,MEDIUM-HARD,[14],1,1,1,1,1,1,5,[5],"[""MEDIUM-HARD"", ""MEDIUM-SOFT"", ""MEDIUM-HARD-HARD"", ""MEDIUM-HARD-MEDIUM"", ""SOFT-HARD""]","[""MEDIUM-HARD"", ""MEDIUM-SOFT"", ""MEDIUM-HARD-HARD"", ""MEDIUM-HARD-MEDIUM"", ""SOFT-HARD""]"
2025R5,Jeddah,RUS,3,1,MEDIUM-HARD,[20],1,MEDIUM-HARD,[14],1,1,1,1,1,1,6,[6],"[""MEDIUM-HARD"", ""MEDIUM-SOFT"", ""MEDIUM-HARD-HARD"", ""MEDIUM-HARD-MEDIUM"", ""SOFT-HARD""]","[""MEDIUM-HARD"", ""MEDIUM-SOFT"", ""MEDIUM-HARD-HARD"", ""MEDIUM-HARD-MEDIUM"", ""SOFT-HARD""]"
2025R5,Jeddah,LEC,4,1,MEDIUM-HARD,[29],1,MEDIUM-HARD,[14],1,1,1,1,1,1,15,[15],"[""MEDIUM-HARD"", ""MEDIUM-SOFT"", ""MEDIUM-HARD-HARD"", ""MEDIUM-HARD-MEDIUM"", ""SOFT-HARD""]","[""MEDIUM-HARD"", ""MEDIUM-SOFT"", ""MEDIUM-HARD-HARD"", ""MEDIUM-HARD-MEDIUM"", ""SOFT-HARD""]"
2025R5,Jeddah,ANT,5,1,MEDIUM-HARD,[19],1,MEDIUM-HARD,[14],1,1,1,1,1,1,5,[5],"[""MEDIUM-HARD"", ""MEDIUM-SOFT"", ""MEDIUM-HARD-HARD"", ""MEDIUM-HARD-MEDIUM"", ""SOFT-HARD""]","[""MEDIUM-HARD"", ""MEDIUM-SOFT"", ""MEDIUM-HARD-HARD"", ""MEDIUM-HARD-MEDIUM"", ""SOFT-HARD""]"
2025R5,Jeddah,SAI,6,1,MEDIUM-HARD,[21],1,MEDIUM-HARD,[14],1,1,1,1,1,1,7,[7],"[""MEDIUM-HARD"", ""MEDIUM-SOFT"", ""MEDIUM-HARD-HARD"", ""MEDIUM-HARD-MEDIUM"", ""SOFT-HARD""]","[""MEDIUM-HARD"", ""MEDIUM-SOFT"", ""MEDIUM-HARD-HARD"", ""MEDIUM-HARD-MEDIUM"", ""SOFT-HARD""]"
2025R5,Jeddah,HAM,7,1,MEDIUM-HARD,[23],1,MEDIUM-HARD,[14],1,1,1,1,1,1,9,[9],"[""MEDIUM-HARD"", ""MEDIUM-SOFT"", ""MEDIUM-HARD-HARD"", ""MEDIUM-HARD-MEDIUM"", ""SOFT-HARD""]","[""MEDIUM-HARD"", ""MEDIUM-SOFT"", ""MEDIUM-HARD-HARD"", ""MEDIUM-HARD-MEDIUM"", ""SOFT-HARD""]"
2025R5,Jeddah,NOR,10,1,HARD-MEDIUM,[34],1,MEDIUM-HARD,[14],1,0,1,1,0,1,20,[20],"[""MEDIUM-HARD"", ""MEDIUM-SOFT"", ""MEDIUM-HARD-HARD"", ""MEDIUM-HARD-MEDIUM"", ""SOFT-HARD""]","[""MEDIUM-HARD"", ""MEDIUM-SOFT"", ""MEDIUM-HARD-HARD"", ""MEDIUM-HARD-MEDIUM"", ""SOFT-HARD""]"
2025R5,Jeddah,ALB,11,1,MEDIUM-HARD,[22],1,MEDIUM-HARD,[14],1,1,1,1,1,1,8,[8],"[""MEDIUM-HARD"", ""MEDIUM-SOFT"", ""MEDIUM-HARD-HARD"", ""MEDIUM-HARD-MEDIUM"", ""SOFT-HARD""]","[""MEDIUM-HARD"", ""MEDIUM-SOFT"", ""MEDIUM-HARD-HARD"", ""MEDIUM-HARD-MEDIUM"", ""SOFT-HARD""]"
2025R5,Jeddah,LAW,12,1,MEDIUM-HARD,[20],1,MEDIUM-HARD,[14],1,1,1,1,1,1,6,[6],"[""MEDIUM-HARD"", ""MEDIUM-SOFT"", ""MEDIUM-HARD-HARD"", ""MEDIUM-HARD-MEDIUM"", ""SOFT-HARD""]","[""MEDIUM-HARD"", ""MEDIUM-SOFT"", ""MEDIUM-HARD-HARD"", ""MEDIUM-HARD-MEDIUM"", ""SOFT-HARD""]"
2025R5,Jeddah,ALO,13,1,MEDIUM-HARD,[19],1,MEDIUM-HARD,[14],1,1,1,1,1,1,5,[5],"[""MEDIUM-HARD"", ""MEDIUM-SOFT"", ""MEDIUM-HARD-HARD"", ""MEDIUM-HARD-MEDIUM"", ""SOFT-HARD""]","[""MEDIUM-HARD"", ""MEDIUM-SOFT"", ""MEDIUM-HARD-HARD"", ""MEDIUM-HARD-MEDIUM"", ""SOFT-HARD""]"
2025R5,Jeddah,HAD,14,1,HARD-MEDIUM,[34],1,MEDIUM-HARD,[14],1,0,1,1,0,1,20,[20],"[""MEDIUM-HARD"", ""MEDIUM-SOFT"", ""MEDIUM-HARD-HARD"", ""MEDIUM-HARD-MEDIUM"", ""SOFT-HARD""]","[""MEDIUM-HARD"", ""MEDIUM-SOFT"", ""MEDIUM-HARD-HARD"", ""MEDIUM-HARD-MEDIUM"", ""SOFT-HARD""]"
2025R5,Jeddah,BEA,15,1,MEDIUM-HARD,[18],1,MEDIUM-HARD,[14],1,1,1,1,1,1,4,[4],"[""MEDIUM-HARD"", ""MEDIUM-SOFT"", ""MEDIUM-HARD-HARD"", ""MEDIUM-HARD-MEDIUM"", ""SOFT-HARD""]","[""MEDIUM-HARD"", ""MEDIUM-SOFT"", ""MEDIUM-HARD-HARD"", ""MEDIUM-HARD-MEDIUM"", ""SOFT-HARD""]"
2025R5,Jeddah,STR,16,1,HARD-MEDIUM,[39],1,MEDIUM-HARD,[14],1,0,1,1,0,1,25,[25],"[""MEDIUM-HARD"", ""MEDIUM-SOFT"", ""MEDIUM-HARD-HARD"", ""MEDIUM-HARD-MEDIUM"", ""SOFT-HARD""]","[""MEDIUM-HARD"", ""MEDIUM-SOFT"", ""MEDIUM-HARD-HARD"", ""MEDIUM-HARD-MEDIUM"", ""SOFT-HARD""]"
2025R5,Jeddah,DOO,17,1,HARD-HARD,[32],1,MEDIUM-HARD,[14],0,0,1,0,0,0,18,[18],"[""MEDIUM-HARD"", ""MEDIUM-SOFT"", ""MEDIUM-HARD-HARD"", ""MEDIUM-HARD-MEDIUM"", ""SOFT-HARD""]","[""MEDIUM-HARD"", ""MEDIUM-SOFT"", ""MEDIUM-HARD-HARD"", ""MEDIUM-HARD-MEDIUM"", ""SOFT-HARD""]"
2025R5,Jeddah,HUL,18,1,HARD-MEDIUM,[33],1,MEDIUM-HARD,[14],1,0,1,1,0,1,19,[19],"[""MEDIUM-HARD"", ""MEDIUM-SOFT"", ""MEDIUM-HARD-HARD"", ""MEDIUM-HARD-MEDIUM"", ""SOFT-HARD""]","[""MEDIUM-HARD"", ""MEDIUM-SOFT"", ""MEDIUM-HARD-HARD"", ""MEDIUM-HARD-MEDIUM"", ""SOFT-HARD""]"
2025R5,Jeddah,OCO,19,0,HARD,[],1,MEDIUM-HARD,[14],0,0,0,0,0,0,,,"[""MEDIUM-HARD"", ""MEDIUM-SOFT"", ""MEDIUM-HARD-HARD"", ""MEDIUM-HARD-MEDIUM"", ""SOFT-HARD""]","[""MEDIUM-HARD"", ""MEDIUM-SOFT"", ""MEDIUM-HARD-HARD"", ""MEDIUM-HARD-MEDIUM"", ""SOFT-HARD""]"
2025R5,Jeddah,BOR,20,0,HARD,[],1,MEDIUM-HARD,[14],0,0,0,0,0,0,,,"[""MEDIUM-HARD"", ""MEDIUM-SOFT"", ""MEDIUM-HARD-HARD"", ""MEDIUM-HARD-MEDIUM"", ""SOFT-HARD""]","[""MEDIUM-HARD"", ""MEDIUM-SOFT"", ""MEDIUM-HARD-HARD"", ""MEDIUM-HARD-MEDIUM"", ""SOFT-HARD""]"
2025R2,Shanghai,PIA,1,1,MEDIUM-HARD,[14],1,MEDIUM-HARD,[18],1,1,1,1,1,1,4,[4],"[""MEDIUM-HARD"", ""MEDIUM-HARD-HARD"", ""MEDIUM-HARD-MEDIUM"", ""MEDIUM-MEDIUM-HARD"", ""MEDIUM-SOFT""]","[""MEDIUM-HARD"", ""MEDIUM-HARD-HARD"", ""MEDIUM-HARD-MEDIUM"", ""MEDIUM-MEDIUM-HARD"", ""MEDIUM-SOFT""]"
2025R2,Shanghai,RUS,2,1,MEDIUM-HARD,[14],1,MEDIUM-HARD,[18],1,1,1,1,1,1,4,[4],"[""MEDIUM-HARD"", ""MEDIUM-HARD-HARD"", ""MEDIUM-HARD-MEDIUM"", ""MEDIUM-MEDIUM-HARD"", ""MEDIUM-SOFT""]","[""MEDIUM-HARD"", ""MEDIUM-HARD-HARD"", ""MEDIUM-HARD-MEDIUM"", ""MEDIUM-MEDIUM-HARD"", ""MEDIUM-SOFT""]"
2025R2,Shanghai,NOR,3,1,MEDIUM-HARD,[15],1,MEDIUM-HARD,[18],1,1,1,1,1,1,3,[3],"[""MEDIUM-HARD"", ""MEDIUM-HARD-HARD"", ""MEDIUM-HARD-MEDIUM"", ""MEDIUM-MEDIUM-HARD"", ""MEDIUM-SOFT""]","[""MEDIUM-HARD"", ""MEDIUM-HARD-HARD"", ""MEDIUM-HARD-MEDIUM"", ""MEDIUM-MEDIUM-HARD"", ""MEDIUM-SOFT""]"
2025R2,Shanghai,VER,4,1,MEDIUM-HARD,[13],1,MEDIUM-HARD,[18],1,1,1,1,1,1,5,[5],"[""MEDIUM-HARD"", ""MEDIUM-HARD-HARD"", ""MEDIUM-HARD-MEDIUM"", ""MEDIUM-MEDIUM-HARD"", ""MEDIUM-SOFT""]","[""MEDIUM-HARD"", ""MEDIUM-HARD-HARD"", ""MEDIUM-HARD-MEDIUM"", ""MEDIUM-MEDIUM-HARD"", ""MEDIUM-SOFT""]"
2025R2,Shanghai,HAM,5,2,MEDIUM-HARD-HARD,"[13, 37]",1,MEDIUM-HARD,[18],0,0,0,1,1,1,,,"[""MEDIUM-HARD"", ""MEDIUM-HARD-HARD"", ""MEDIUM-HARD-MEDIUM"", ""MEDIUM-MEDIUM-HARD"", ""MEDIUM-SOFT""]","[""MEDIUM-HARD"", ""MEDIUM-HARD-HARD"", ""MEDIUM-HARD-MEDIUM"", ""MEDIUM-MEDIUM-HARD"", ""MEDIUM-SOFT""]"
2025R2,Shanghai,LEC,6,1,MEDIUM-HARD,[15],1,MEDIUM-HARD,[18],1,1,1,1,1,1,3,[3],"[""MEDIUM-HARD"", ""MEDIUM-HARD-HARD"", ""MEDIUM-HARD-MEDIUM"", ""MEDIUM-MEDIUM-HARD"", ""MEDIUM-SOFT""]","[""MEDIUM-HARD"", ""MEDIUM-HARD-HARD"", ""MEDIUM-HARD-MEDIUM"", ""MEDIUM-MEDIUM-HARD"", ""MEDIUM-SOFT""]"
2025R2,Shanghai,HAD,7,2,MEDIUM-HARD-HARD,"[12, 33]",1,MEDIUM-HARD,[18],0,0,0,1,1,1,,,"[""MEDIUM-HARD"", ""MEDIUM-HARD-HARD"", ""MEDIUM-HARD-MEDIUM"", ""MEDIUM-MEDIUM-HARD"", ""MEDIUM-SOFT""]","[""MEDIUM-HARD"", ""MEDIUM-HARD-HARD"", ""MEDIUM-HARD-MEDIUM"", ""MEDIUM-MEDIUM-HARD"", ""MEDIUM-SOFT""]"
2025R2,Shanghai,ANT,8,1,MEDIUM-HARD,[12],1,MEDIUM-HARD,[18],1,1,1,1,1,1,6,[6],"[""MEDIUM-HARD"", ""MEDIUM-HARD-HARD"", ""MEDIUM-HARD-MEDIUM"", ""MEDIUM-MEDIUM-HARD"", ""MEDIUM-SOFT""]","[""MEDIUM-HARD"", ""MEDIUM-HARD-HARD"", ""MEDIUM-HARD-MEDIUM"", ""MEDIUM-MEDIUM-HARD"", ""MEDIUM-SOFT""]"
2025R2,Shanghai,TSU,9,3,MEDIUM-HARD-HARD-MEDIUM,"[11, 35, 46]",1,MEDIUM-HARD,[18],0,0,0,0,0,0,,,"[""MEDIUM-HARD"", ""MEDIUM-HARD-HARD"", ""MEDIUM-HARD-MEDIUM"", ""MEDIUM-MEDIUM-HARD"", ""MEDIUM-SOFT""]","[""MEDIUM-HARD"", ""MEDIUM-HARD-HARD"", ""MEDIUM-HARD-MEDIUM"", ""MEDIUM-MEDIUM-HARD"", ""MEDIUM-SOFT""]"
2025R2,Shanghai,ALB,10,1,MEDIUM-HARD,[20],1,MEDIUM-HARD,[18],1,1,1,1,1,1,2,[2],"[""MEDIUM-HARD"", ""MEDIUM-HARD-HARD"", ""MEDIUM-HARD-MEDIUM"", ""MEDIUM-MEDIUM-HARD"", ""MEDIUM-SOFT""]","[""MEDIUM-HARD"", ""MEDIUM-HARD-HARD"", ""MEDIUM-HARD-MEDIUM"", ""MEDIUM-MEDIUM-HARD"", ""MEDIUM-SOFT""]"
2025R2,Shanghai,OCO,11,1,MEDIUM-HARD,[11],1,MEDIUM-HARD,[18],1,1,1,1,1,1,7,[7],"[""MEDIUM-HARD"", ""MEDIUM-HARD-HARD"", ""MEDIUM-HARD-MEDIUM"", ""MEDIUM-MEDIUM-HARD"", ""MEDIUM-SOFT""]","[""MEDIUM-HARD"", ""MEDIUM-HARD-HARD"", ""MEDIUM-HARD-MEDIUM"", ""MEDIUM-MEDIUM-HARD"", ""MEDIUM-SOFT""]"
2025R2,Shanghai,HUL,12,1,MEDIUM-HARD,[20],1,MEDIUM-HARD,[18],1,1,1,1,1,1,2,[2],"[""MEDIUM-HARD"", ""MEDIUM-HARD-HARD"", ""MEDIUM-HARD-MEDIUM"", ""MEDIUM-MEDIUM-HARD"", ""MEDIUM-SOFT""]","[""MEDIUM-HARD"", ""MEDIUM-HARD-HARD"", ""MEDIUM-HARD-MEDIUM"", ""MEDIUM-MEDIUM-HARD"", ""MEDIUM-SOFT""]"
2025R2,Shanghai,STR,14,1,HARD-MEDIUM,[36],1,MEDIUM-HARD,[18],1,0,1,1,0,1,18,[18],"[""MEDIUM-HARD"", ""MEDIUM-HARD-HARD"", ""MEDIUM-HARD-MEDIUM"", ""MEDIUM-MEDIUM-HARD"", ""MEDIUM-SOFT""]","[""MEDIUM-HARD"", ""MEDIUM-HARD-HARD"", ""MEDIUM-HARD-MEDIUM"", ""MEDIUM-MEDIUM-HARD"", ""MEDIUM-SOFT""]"
2025R2,Shanghai,SAI,15,1,MEDIUM-HARD,[17],1,MEDIUM-HARD,[18],1,1,1,1,1,1,1,[1],"[""MEDIUM-HARD"", ""MEDIUM-HARD-HARD"", ""MEDIUM-HARD-MEDIUM"", ""MEDIUM-MEDIUM-HARD"", ""MEDIUM-SOFT""]","[""MEDIUM-HARD"", ""MEDIUM-HARD-HARD"", ""MEDIUM-HARD-MEDIUM"", ""MEDIUM-MEDIUM-HARD"", ""MEDIUM-SOFT""]"
2025R2,Shanghai,GAS,16,1,MEDIUM-HARD,[10],1,MEDIUM-HARD,[18],1,1,1,1,1,1,8,[8],"[""MEDIUM-HARD"", ""MEDIUM-HARD-HARD"", ""MEDIUM-HARD-MEDIUM"", ""MEDIUM-MEDIUM-HARD"", ""MEDIUM-SOFT""]","[""MEDIUM-HARD"", ""MEDIUM-HARD-HARD"", ""MEDIUM-HARD-MEDIUM"", ""MEDIUM-MEDIUM-HARD"", ""MEDIUM-SOFT""]"
2025R2,Shanghai,BEA,17,1,HARD-MEDIUM,[26],1,MEDIUM-HARD,[18],1,0,1,1,0,1,8,[8],"[""MEDIUM-HARD"", ""MEDIUM-HARD-HARD"", ""MEDIUM-HARD-MEDIUM"", ""MEDIUM-MEDIUM-HARD"", ""MEDIUM-SOFT""]","[""MEDIUM-HARD"", ""MEDIUM-HARD-HARD"", ""MEDIUM-HARD-MEDIUM"", ""MEDIUM-MEDIUM-HARD"", ""MEDIUM-SOFT""]"
2025R2,Shanghai,DOO,18,1,MEDIUM-HARD,[11],1,MEDIUM-HARD,[18],1,1,1,1,1,1,7,[7],"[""MEDIUM-HARD"", ""MEDIUM-HARD-HARD"", ""MEDIUM-HARD-MEDIUM"", ""MEDIUM-MEDIUM-HARD"", ""MEDIUM-SOFT""]","[""MEDIUM-HARD"", ""MEDIUM-HARD-HARD"", ""MEDIUM-HARD-MEDIUM"", ""MEDIUM-MEDIUM-HARD"", ""MEDIUM-SOFT""]"
2025R2,Shanghai,BOR,19,1,HARD-HARD,[26],1,MEDIUM-HARD,[18],0,0,1,0,0,0,8,[8],"[""MEDIUM-HARD"", ""MEDIUM-HARD-HARD"", ""MEDIUM-HARD-MEDIUM"", ""MEDIUM-MEDIUM-HARD"", ""MEDIUM-SOFT""]","[""MEDIUM-HARD"", ""MEDIUM-HARD-HARD"", ""MEDIUM-HARD-MEDIUM"", ""MEDIUM-MEDIUM-HARD"", ""MEDIUM-SOFT""]"
2025R2,Shanghai,LAW,20,2,HARD-MEDIUM-HARD,"[18, 30]",1,MEDIUM-HARD,[18],0,0,0,1,0,1,,,"[""MEDIUM-HARD"", ""MEDIUM-HARD-HARD"", ""MEDIUM-HARD-MEDIUM"", ""MEDIUM-MEDIUM-HARD"", ""MEDIUM-SOFT""]","[""MEDIUM-HARD"", ""MEDIUM-HARD-HARD"", ""MEDIUM-HARD-MEDIUM"", ""MEDIUM-MEDIUM-HARD"", ""MEDIUM-SOFT""]"
2025R4,Sakhir,PIA,1,2,SOFT-MEDIUM-MEDIUM,"[14, 32]",2,SOFT-HARD-HARD,"[13, 33]",0,0,1,0,0,1,1,"[1, 1]","[""SOFT-HARD-HARD"", ""SOFT-HARD-SOFT"", ""SOFT-MEDIUM-SOFT"", ""MEDIUM-HARD-HARD"", ""SOFT-MEDIUM-HARD""]","[""SOFT-HARD-HARD"", ""SOFT-HARD-SOFT"", ""SOFT-MEDIUM-SOFT"", ""MEDIUM-HARD-HARD"", ""SOFT-MEDIUM-HARD""]"
2025R4,Sakhir,LEC,2,2,MEDIUM-MEDIUM-HARD,"[17, 32]",2,SOFT-HARD-HARD,"[13, 33]",0,0,1,0,0,1,4,"[4, 1]","[""SOFT-HARD-HARD"", ""SOFT-HARD-SOFT"", ""SOFT-MEDIUM-SOFT"", ""MEDIUM-HARD-HARD"", ""SOFT-MEDIUM-HARD""]","[""SOFT-HARD-HARD"", ""SOFT-HARD-SOFT"", ""SOFT-MEDIUM-SOFT"", ""MEDIUM-HARD-HARD"", ""SOFT-MEDIUM-HARD""]"
2025R4,Sakhir,RUS,3,2,SOFT-MEDIUM-SOFT,"[13, 32]",2,SOFT-HARD-HARD,"[13, 33]",0,0,1,1,1,1,0,"[0, 1]","[""SOFT-HARD-HARD"", ""SOFT-HARD-SOFT"", ""SOFT-MEDIUM-SOFT"", ""MEDIUM-HARD-HARD"", ""SOFT-MEDIUM-HARD""]","[""SOFT-HARD-HARD"", ""SOFT-HARD-SOFT"", ""SOFT-MEDIUM-SOFT"", ""MEDIUM-HARD-HARD"", ""SOFT-MEDIUM-HARD""]"
2025R4,Sakhir,GAS,4,2,SOFT-MEDIUM-HARD,"[10, 28]",2,SOFT-HARD-HARD,"[13, 33]",0,0,1,1,1,1,3,"[3, 5]","[""SOFT-HARD-HARD"", ""SOFT-HARD-SOFT"", ""SOFT-MEDIUM-SOFT"", ""MEDIUM-HARD-HARD"", ""SOFT-MEDIUM-HARD""]","[""SOFT-HARD-HARD"", ""SOFT-HARD-SOFT"", ""SOFT-MEDIUM-SOFT"", ""MEDIUM-HARD-HARD"", ""SOFT-MEDIUM-HARD""]"
2025R4,Sakhir,ANT,5,3,SOFT-MEDIUM-SOFT-SOFT,"[12, 27, 32]",2,SOFT-HARD-HARD,"[13, 33]",0,0,0,0,0,1,,,"[""SOFT-HARD-HARD"", ""SOFT-HARD-SOFT"", ""SOFT-MEDIUM-SOFT"", ""MEDIUM-HARD-HARD"", ""SOFT-MEDIUM-HARD""]","[""SOFT-HARD-HARD"", ""SOFT-HARD-SOFT"", ""SOFT-MEDIUM-SOFT"", ""MEDIUM-HARD-HARD"", ""SOFT-MEDIUM-HARD""]"
2025R4,Sakhir,NOR,6,2,SOFT-MEDIUM-MEDIUM,"[10, 32]",2,SOFT-HARD-HARD,"[13, 33]",0,0,1,0,0,1,3,"[3, 1]","[""SOFT-HARD-HARD"", ""SOFT-HARD-SOFT"", ""SOFT-MEDIUM-SOFT"", ""MEDIUM-HARD-HARD"", ""SOFT-MEDIUM-HARD""]","[""SOFT-HARD-HARD"", ""SOFT-HARD-SOFT"", ""SOFT-MEDIUM-SOFT"", ""MEDIUM-HARD-HARD"", ""SOFT-MEDIUM-HARD""]"
2025R4,Sakhir,VER,7,2,SOFT-HARD-MEDIUM,"[10, 26]",2,SOFT-HARD-HARD,"[13, 33]",0,0,1,1,0,1,3,"[3, 7]","[""SOFT-HARD-HARD"", ""SOFT-HARD-SOFT"", ""SOFT-MEDIUM-SOFT"", ""MEDIUM-HARD-HARD"", ""SOFT-MEDIUM-HARD""]","[""SOFT-HARD-HARD"", ""SOFT-HARD-SOFT"", ""SOFT-MEDIUM-SOFT"", ""MEDIUM-HARD-HARD"", ""SOFT-MEDIUM-HARD""]"
2025R4,Sakhir,HAM,9,2,MEDIUM-MEDIUM-HARD,"[17, 32]",2,SOFT-HARD-HARD,"[13, 33]",0,0,1,0,0,1,4,"[4, 1]","[""SOFT-HARD-HARD"", ""SOFT-HARD-SOFT"", ""SOFT-MEDIUM-SOFT"", ""MEDIUM-HARD-HARD"", ""SOFT-MEDIUM-HARD""]","[""SOFT-HARD-HARD"", ""SOFT-HARD-SOFT"", ""SOFT-MEDIUM-SOFT"", ""MEDIUM-HARD-HARD"", ""SOFT-MEDIUM-HARD""]"
2025R4,Sakhir,TSU,10,2,SOFT-MEDIUM-SOFT,"[11, 32]",2,SOFT-HARD-HARD,"[13, 33]",0,0,1,1,1,1,2,"[2, 1]","[""SOFT-HARD-HARD"", ""SOFT-HARD-SOFT"", ""SOFT-MEDIUM-SOFT"", ""MEDIUM-HARD-HARD"", ""SOFT-MEDIUM-HARD""]","[""SOFT-HARD-HARD"", ""SOFT-HARD-SOFT"", ""SOFT-MEDIUM-SOFT"", ""MEDIUM-HARD-HARD"", ""SOFT-MEDIUM-HARD""]"
2025R4,Sakhir,DOO,11,2,SOFT-MEDIUM-HARD,"[9, 28]",2,SOFT-HARD-HARD,"[13, 33]",0,0,1,1,1,1,4,"[4, 5]","[""SOFT-HARD-HARD"", ""SOFT-HARD-SOFT"", ""SOFT-MEDIUM-SOFT"", ""MEDIUM-HARD-HARD"", ""SOFT-MEDIUM-HARD""]","[""SOFT-HARD-HARD"", ""SOFT-HARD-SOFT"", ""SOFT-MEDIUM-SOFT"", ""MEDIUM-HARD-HARD"", ""SOFT-MEDIUM-HARD""]"
2025R4,Sakhir,HAD,12,2,SOFT-MEDIUM-HARD,"[6, 28]",2,SOFT-HARD-HARD,"[13, 33]",0,0,1,1,1,1,7,"[7, 5]","[""SOFT-HARD-HARD"", ""SOFT-HARD-SOFT"", ""SOFT-MEDIUM-SOFT"", ""MEDIUM-HARD-HARD"", ""SOFT-MEDIUM-HARD""]","[""SOFT-HARD-HARD"", ""SOFT-HARD-SOFT"", ""SOFT-MEDIUM-SOFT"", ""MEDIUM-HARD-HARD"", ""SOFT-MEDIUM-HARD""]"
2025R4,Sakhir,ALO,13,2,MEDIUM-MEDIUM-HARD,"[16, 32]",2,SOFT-HARD-HARD,"[13, 33]",0,0,1,0,0,1,3,"[3, 1]","[""SOFT-HARD-HARD"", ""SOFT-HARD-SOFT"", ""SOFT-MEDIUM-SOFT"", ""MEDIUM-HARD-HARD"", ""SOFT-MEDIUM-HARD""]","[""SOFT-HARD-HARD"", ""SOFT-HARD-SOFT"", ""SOFT-MEDIUM-SOFT"", ""MEDIUM-HARD-HARD"", ""SOFT-MEDIUM-HARD""]"
2025R4,Sakhir,OCO,14,2,SOFT-MEDIUM-HARD,"[8, 27]",2,SOFT-HARD-HARD,"[13, 33]",0,0,1,1,1,1,5,"[5, 6]","[""SOFT-HARD-HARD"", ""SOFT-HARD-SOFT"", ""SOFT-MEDIUM-SOFT"", ""MEDIUM-HARD-HARD"", ""SOFT-MEDIUM-HARD""]","[""SOFT-HARD-HARD"", ""SOFT-HARD-SOFT"", ""SOFT-MEDIUM-SOFT"", ""MEDIUM-HARD-HARD"", ""SOFT-MEDIUM-HARD""]"
2025R4,Sakhir,ALB,15,2,SOFT-HARD-MEDIUM,"[16, 32]",2,SOFT-HARD-HARD,"[13, 33]",0,0,1,1,0,1,3,"[3, 1]","[""SOFT-HARD-HARD"", ""SOFT-HARD-SOFT"", ""SOFT-MEDIUM-SOFT"", ""MEDIUM-HARD-HARD"", ""SOFT-MEDIUM-HARD""]","[""SOFT-HARD-HARD"", ""SOFT-HARD-SOFT"", ""SOFT-MEDIUM-SOFT"", ""MEDIUM-HARD-HARD"", ""SOFT-MEDIUM-HARD""]"
2025R4,Sakhir,HUL,16,2,SOFT-MEDIUM-MEDIUM,"[5, 27]",2,SOFT-HARD-HARD,"[13, 33]",0,0,1,0,0,1,8,"[8, 6]","[""SOFT-HARD-HARD"", ""SOFT-HARD-SOFT"", ""SOFT-MEDIUM-SOFT"", ""MEDIUM-HARD-HARD"", ""SOFT-MEDIUM-HARD""]","[""SOFT-HARD-HARD"", ""SOFT-HARD-SOFT"", ""SOFT-MEDIUM-SOFT"", ""MEDIUM-HARD-HARD"", ""SOFT-MEDIUM-HARD""]"
2025R4,Sakhir,LAW,17,2,MEDIUM-HARD-SOFT,"[14, 32]",2,SOFT-HARD-HARD,"[13, 33]",0,0,1,1,0,1,1,"[1, 1]","[""SOFT-HARD-HARD"", ""SOFT-HARD-SOFT"", ""SOFT-MEDIUM-SOFT"", ""MEDIUM-HARD-HARD"", ""SOFT-MEDIUM-HARD""]","[""SOFT-HARD-HARD"", ""SOFT-HARD-SOFT"", ""SOFT-MEDIUM-SOFT"", ""MEDIUM-HARD-HARD"", ""SOFT-MEDIUM-HARD""]"
2025R4,Sakhir,BOR,18,2,MEDIUM-HARD-MEDIUM,"[13, 32]",2,SOFT-HARD-HARD,"[13, 33]",0,0,1,0,0,1,0,"[0, 1]","[""SOFT-HARD-HARD"", ""SOFT-HARD-SOFT"", ""SOFT-MEDIUM-SOFT"", ""MEDIUM-HARD-HARD"", ""SOFT-MEDIUM-HARD""]","[""SOFT-HARD-HARD"", ""SOFT-HARD-SOFT"", ""SOFT-MEDIUM-SOFT"", ""MEDIUM-HARD-HARD"", ""SOFT-MEDIUM-HARD""]"
2025R4,Sakhir,STR,19,2,SOFT-MEDIUM-HARD,"[12, 32]",2,SOFT-HARD-HARD,"[13, 33]",0,0,1,1,1,1,1,"[1, 1]","[""SOFT-HARD-HARD"", ""SOFT-HARD-SOFT"", ""SOFT-MEDIUM-SOFT"", ""MEDIUM-HARD-HARD"", ""SOFT-MEDIUM-HARD""]","[""SOFT-HARD-HARD"", ""SOFT-HARD-SOFT"", ""SOFT-MEDIUM-SOFT"", ""MEDIUM-HARD-HARD"", ""SOFT-MEDIUM-HARD""]"
2025R4,Sakhir,BEA,20,2,SOFT-HARD-SOFT,"[14, 32]",2,SOFT-HARD-HARD,"[13, 33]",0,0,1,1,1,1,1,"[1, 1]","[""SOFT-HARD-HARD"", ""SOFT-HARD-SOFT"", ""SOFT-MEDIUM-SOFT"", ""MEDIUM-HARD-HARD"", ""SOFT-MEDIUM-HARD""]","[""SOFT-HARD-HARD"", ""SOFT-HARD-SOFT"", ""SOFT-MEDIUM-SOFT"", ""MEDIUM-HARD-HARD"", ""SOFT-MEDIUM-HARD""]"
2025R3,Suzuka,VER,1,1,MEDIUM-HARD,[21],2,MEDIUM-HARD-HARD,"[13, 32]",0,0,0,1,1,1,,,"[""MEDIUM-HARD-HARD"", ""MEDIUM-HARD"", ""MEDIUM-HARD-MEDIUM"", ""MEDIUM-MEDIUM-HARD"", ""SOFT-HARD-HARD""]","[""MEDIUM-HARD-HARD"", ""MEDIUM-HARD"", ""MEDIUM-HARD-MEDIUM"", ""MEDIUM-MEDIUM-HARD"", ""SOFT-HARD-HARD""]"
2025R3,Suzuka,NOR,2,1,MEDIUM-HARD,[21],2,MEDIUM-HARD-HARD,"[13, 32]",0,0,0,1,1,1,,,"[""MEDIUM-HARD-HARD"", ""MEDIUM-HARD"", ""MEDIUM-HARD-MEDIUM"", ""MEDIUM-MEDIUM-HARD"", ""SOFT-HARD-HARD""]","[""MEDIUM-HARD-HARD"", ""MEDIUM-HARD"", ""MEDIUM-HARD-MEDIUM"", ""MEDIUM-MEDIUM-HARD"", ""SOFT-HARD-HARD""]"
2025R3,Suzuka,PIA,3,1,MEDIUM-HARD,[20],2,MEDIUM-HARD-HARD,"[13, 32]",0,0,0,1,1,1,,,"[""MEDIUM-HARD-HARD"", ""MEDIUM-HARD"", ""MEDIUM-HARD-MEDIUM"", ""MEDIUM-MEDIUM-HARD"", ""SOFT-HARD-HARD""]","[""MEDIUM-HARD-HARD"", ""MEDIUM-HARD"", ""MEDIUM-HARD-MEDIUM"", ""MEDIUM-MEDIUM-HARD"", ""SOFT-HARD-HARD""]"
2025R3,Suzuka,LEC,4,1,MEDIUM-HARD,[21],2,MEDIUM-HARD-HARD,"[13, 32]",0,0,0,1,1,1,,,"[""MEDIUM-HARD-HARD"", ""MEDIUM-HARD"", ""MEDIUM-HARD-MEDIUM"", ""MEDIUM-MEDIUM-HARD"", ""SOFT-HARD-HARD""]","[""MEDIUM-HARD-HARD"", ""MEDIUM-HARD"", ""MEDIUM-HARD-MEDIUM"", ""MEDIUM-MEDIUM-HARD"", ""SOFT-HARD-HARD""]"
2025R3,Suzuka,RUS,5,1,MEDIUM-HARD,[19],2,MEDIUM-HARD-HARD,"[13, 32]",0,0,0,1,1,1,,,"[""MEDIUM-HARD-HARD"", ""MEDIUM-HARD"", ""MEDIUM-HARD-MEDIUM"", ""MEDIUM-MEDIUM-HARD"", ""SOFT-HARD-HARD""]","[""MEDIUM-HARD-HARD"", ""MEDIUM-HARD"", ""MEDIUM-HARD-MEDIUM"", ""MEDIUM-MEDIUM-HARD"", ""SOFT-HARD-HARD""]"
2025R3,Suzuka,ANT,6,1,MEDIUM-HARD,[31],2,MEDIUM-HARD-HARD,"[13, 32]",0,0,0,1,1,1,,,"[""MEDIUM-HARD-HARD"", ""MEDIUM-HARD"", ""MEDIUM-HARD-MEDIUM"", ""MEDIUM-MEDIUM-HARD"", ""SOFT-HARD-HARD""]","[""MEDIUM-HARD-HARD"", ""MEDIUM-HARD"", ""MEDIUM-HARD-MEDIUM"", ""MEDIUM-MEDIUM-HARD"", ""SOFT-HARD-HARD""]"
2025R3,Suzuka,HAD,7,1,MEDIUM-HARD,[25],2,MEDIUM-HARD-HARD,"[13, 32]",0,0,0,1,1,1,,,"[""MEDIUM-HARD-HARD"", ""MEDIUM-HARD"", ""MEDIUM-HARD-MEDIUM"", ""MEDIUM-MEDIUM-HARD"", ""SOFT-HARD-HARD""]","[""MEDIUM-HARD-HARD"", ""MEDIUM-HARD"", ""MEDIUM-HARD-MEDIUM"", ""MEDIUM-MEDIUM-HARD"", ""SOFT-HARD-HARD""]"
2025R3,Suzuka,HAM,8,1,HARD-MEDIUM,[30],2,MEDIUM-HARD-HARD,"[13, 32]",0,0,0,1,0,1,,,"[""MEDIUM-HARD-HARD"", ""MEDIUM-HARD"", ""MEDIUM-HARD-MEDIUM"", ""MEDIUM-MEDIUM-HARD"", ""SOFT-HARD-HARD""]","[""MEDIUM-HARD-HARD"", ""MEDIUM-HARD"", ""MEDIUM-HARD-MEDIUM"", ""MEDIUM-MEDIUM-HARD"", ""SOFT-HARD-HARD""]"
2025R3,Suzuka,ALB,9,1,MEDIUM-HARD,[24],2,MEDIUM-HARD-HARD,"[13, 32]",0,0,0,1,1,1,,,"[""MEDIUM-HARD-HARD"", ""MEDIUM-HARD"", ""MEDIUM-HARD-MEDIUM"", ""MEDIUM-MEDIUM-HARD"", ""SOFT-HARD-HARD""]","[""MEDIUM-HARD-HARD"", ""MEDIUM-HARD"", ""MEDIUM-HARD-MEDIUM"", ""MEDIUM-MEDIUM-HARD"", ""SOFT-HARD-HARD""]"
2025R3,Suzuka,BEA,10,1,MEDIUM-HARD,[23],2,MEDIUM-HARD-HARD,"[13, 32]",0,0,0,1,1,1,,,"[""MEDIUM-HARD-HARD"", ""MEDIUM-HARD"", ""MEDIUM-HARD-MEDIUM"", ""MEDIUM-MEDIUM-HARD"", ""SOFT-HARD-HARD""]","[""MEDIUM-HARD-HARD"", ""MEDIUM-HARD"", ""MEDIUM-HARD-MEDIUM"", ""MEDIUM-MEDIUM-HARD"", ""SOFT-HARD-HARD""]"
2025R3,Suzuka,GAS,11,1,MEDIUM-HARD,[24],2,MEDIUM-HARD-HARD,"[13, 32]",0,0,0,1,1,1,,,"[""MEDIUM-HARD-HARD"", ""MEDIUM-HARD"", ""MEDIUM-HARD-MEDIUM"", ""MEDIUM-MEDIUM-HARD"", ""SOFT-HARD-HARD""]","[""MEDIUM-HARD-HARD"", ""MEDIUM-HARD"", ""MEDIUM-HARD-MEDIUM"", ""MEDIUM-MEDIUM-HARD"", ""SOFT-HARD-HARD""]"
2025R3,Suzuka,ALO,12,1,MEDIUM-HARD,[24],2,MEDIUM-HARD-HARD,"[13, 32]",0,0,0,1,1,1,,,"[""MEDIUM-HARD-HARD"", ""MEDIUM-HARD"", ""MEDIUM-HARD-MEDIUM"", ""MEDIUM-MEDIUM-HARD"", ""SOFT-HARD-HARD""]","[""MEDIUM-HARD-HARD"", ""MEDIUM-HARD"", ""MEDIUM-HARD-MEDIUM"", ""MEDIUM-MEDIUM-HARD"", ""SOFT-HARD-HARD""]"
2025R3,Suzuka,LAW,13,1,MEDIUM-SOFT,[33],2,MEDIUM-HARD-HARD,"[13, 32]",0,0,0,0,0,1,,,"[""MEDIUM-HARD-HARD"", ""MEDIUM-HARD"", ""MEDIUM-HARD-MEDIUM"", ""MEDIUM-MEDIUM-HARD"", ""SOFT-HARD-HARD""]","[""MEDIUM-HARD-HARD"", ""MEDIUM-HARD"", ""MEDIUM-HARD-MEDIUM"", ""MEDIUM-MEDIUM-HARD"", ""SOFT-HARD-HARD""]"
2025R3,Suzuka,TSU,14,1,MEDIUM-HARD,[23],2,MEDIUM-HARD-HARD,"[13, 32]",0,0,0,1,1,1,,,"[""MEDIUM-HARD-HARD"", ""MEDIUM-HARD"", ""MEDIUM-HARD-MEDIUM"", ""MEDIUM-MEDIUM-HARD"", ""SOFT-HARD-HARD""]","[""MEDIUM-HARD-HARD"", ""MEDIUM-HARD"", ""MEDIUM-HARD-MEDIUM"", ""MEDIUM-MEDIUM-HARD"", ""SOFT-HARD-HARD""]"
2025R3,Suzuka,SAI,15,1,MEDIUM-SOFT,[33],2,MEDIUM-HARD-HARD,"[13, 32]",0,0,0,0,0,1,,,"[""MEDIUM-HARD-HARD"", ""MEDIUM-HARD"", ""MEDIUM-HARD-MEDIUM"", ""MEDIUM-MEDIUM-HARD"", ""SOFT-HARD-HARD""]","[""MEDIUM-HARD-HARD"", ""MEDIUM-HARD"", ""MEDIUM-HARD-MEDIUM"", ""MEDIUM-MEDIUM-HARD"", ""SOFT-HARD-HARD""]"
2025R3,Suzuka,HUL,16,1,MEDIUM-HARD,[22],2,MEDIUM-HARD-HARD,"[13, 32]",0,0,0,1,1,1,,,"[""MEDIUM-HARD-HARD"", ""MEDIUM-HARD"", ""MEDIUM-HARD-MEDIUM"", ""MEDIUM-MEDIUM-HARD"", ""SOFT-HARD-HARD""]","[""MEDIUM-HARD-HARD"", ""MEDIUM-HARD"", ""MEDIUM-HARD-MEDIUM"", ""MEDIUM-MEDIUM-HARD"", ""SOFT-HARD-HARD""]"
2025R3,Suzuka,BOR,17,1,HARD-MEDIUM,[31],2,MEDIUM-HARD-HARD,"[13, 32]",0,0,0,1,0,1,,,"[""MEDIUM-HARD-HARD"", ""MEDIUM-HARD"", ""MEDIUM-HARD-MEDIUM"", ""MEDIUM-MEDIUM-HARD"", ""SOFT-HARD-HARD""]","[""MEDIUM-HARD-HARD"", ""MEDIUM-HARD"", ""MEDIUM-HARD-MEDIUM"", ""MEDIUM-MEDIUM-HARD"", ""SOFT-HARD-HARD""]"
2025R3,Suzuka,OCO,18,1,HARD-MEDIUM,[32],2,MEDIUM-HARD-HARD,"[13, 32]",0,0,0,1,0,1,,,"[""MEDIUM-HARD-HARD"", ""MEDIUM-HARD"", ""MEDIUM-HARD-MEDIUM"", ""MEDIUM-MEDIUM-HARD"", ""SOFT-HARD-HARD""]","[""MEDIUM-HARD-HARD"", ""MEDIUM-HARD"", ""MEDIUM-HARD-MEDIUM"", ""MEDIUM-MEDIUM-HARD"", ""SOFT-HARD-HARD""]"
2025R3,Suzuka,DOO,19,1,SOFT-HARD,[15],2,MEDIUM-HARD-HARD,"[13, 32]",0,0,0,0,0,1,,,"[""MEDIUM-HARD-HARD"", ""MEDIUM-HARD"", ""MEDIUM-HARD-MEDIUM"", ""MEDIUM-MEDIUM-HARD"", ""SOFT-HARD-HARD""]","[""MEDIUM-HARD-HARD"", ""MEDIUM-HARD"", ""MEDIUM-HARD-MEDIUM"", ""MEDIUM-MEDIUM-HARD"", ""SOFT-HARD-HARD""]"
2025R3,Suzuka,STR,20,2,SOFT-HARD-MEDIUM,"[9, 30]",2,MEDIUM-HARD-HARD,"[13, 32]",0,0,1,0,0,1,4,"[4, 2]","[""MEDIUM-HARD-HARD"", ""MEDIUM-HARD"", ""MEDIUM-HARD-MEDIUM"", ""MEDIUM-MEDIUM-HARD"", ""SOFT-HARD-HARD""]","[""MEDIUM-HARD-HARD"", ""MEDIUM-HARD"", ""MEDIUM-HARD-MEDIUM"", ""MEDIUM-MEDIUM-HARD"", ""SOFT-HARD-HARD""]"
2025R7,Imola,PIA,1,2,MEDIUM-HARD-HARD,"[13, 30]",1,MEDIUM-HARD,[27],0,0,0,1,1,1,,,"[""MEDIUM-HARD"", ""MEDIUM-SOFT"", ""MEDIUM-HARD-HARD"", ""MEDIUM-HARD-MEDIUM"", ""MEDIUM-MEDIUM-HARD""]","[""MEDIUM-HARD"", ""MEDIUM-SOFT"", ""MEDIUM-HARD-HARD"", ""MEDIUM-HARD-MEDIUM"", ""MEDIUM-MEDIUM-HARD""]"
2025R7,Imola,VER,2,2,MEDIUM-HARD-HARD,"[29, 46]",1,MEDIUM-HARD,[27],0,0,0,1,1,1,,,"[""MEDIUM-HARD"", ""MEDIUM-SOFT"", ""MEDIUM-HARD-HARD"", ""MEDIUM-HARD-MEDIUM"", ""MEDIUM-MEDIUM-HARD""]","[""MEDIUM-HARD"", ""MEDIUM-SOFT"", ""MEDIUM-HARD-HARD"", ""MEDIUM-HARD-MEDIUM"", ""MEDIUM-MEDIUM-HARD""]"
2025R7,Imola,RUS,3,2,MEDIUM-HARD-HARD,"[11, 29]",1,MEDIUM-HARD,[27],0,0,0,1,1,1,,,"[""MEDIUM-HARD"", ""MEDIUM-SOFT"", ""MEDIUM-HARD-HARD"", ""MEDIUM-HARD-MEDIUM"", ""MEDIUM-MEDIUM-HARD""]","[""MEDIUM-HARD"", ""MEDIUM-SOFT"", ""MEDIUM-HARD-HARD"", ""MEDIUM-HARD-MEDIUM"", ""MEDIUM-MEDIUM-HARD""]"
2025R7,Imola,NOR,4,2,MEDIUM-HARD-HARD,"[28, 46]",1,MEDIUM-HARD,[27],0,0,0,1,1,1,,,"[""MEDIUM-HARD"", ""MEDIUM-SOFT"", ""MEDIUM-HARD-HARD"", ""MEDIUM-HARD-MEDIUM"", ""MEDIUM-MEDIUM-HARD""]","[""MEDIUM-HARD"", ""MEDIUM-SOFT"", ""MEDIUM-HARD-HARD"", ""MEDIUM-HARD-MEDIUM"", ""MEDIUM-MEDIUM-HARD""]"
2025R7,Imola,ALO,5,2,MEDIUM-HARD-MEDIUM,"[12, 46]",1,MEDIUM-HARD,[27],0,0,0,1,1,1,,,"[""MEDIUM-HARD"", ""MEDIUM-SOFT"", ""MEDIUM-HARD-HARD"", ""MEDIUM-HARD-MEDIUM"", ""MEDIUM-MEDIUM-HARD""]","[""MEDIUM-HARD"", ""MEDIUM-SOFT"", ""MEDIUM-HARD-HARD"", ""MEDIUM-HARD-MEDIUM"", ""MEDIUM-MEDIUM-HARD""]"
2025R7,Imola,SAI,6,2,MEDIUM-HARD-HARD,"[11, 29]",1,MEDIUM-HARD,[27],0,0,0,1,1,1,,,"[""MEDIUM-HARD"", ""MEDIUM-SOFT"", ""MEDIUM-HARD-HARD"", ""MEDIUM-HARD-MEDIUM"", ""MEDIUM-MEDIUM-HARD""]","[""MEDIUM-HARD"", ""MEDIUM-SOFT"", ""MEDIUM-HARD-HARD"", ""MEDIUM-HARD-MEDIUM"", ""MEDIUM-MEDIUM-HARD""]"
2025R7,Imola,ALB,7,2,MEDIUM-HARD-HARD,"[29, 47]",1,MEDIUM-HARD,[27],0,0,0,1,1,1,,,"[""MEDIUM-HARD"", ""MEDIUM-SOFT"", ""MEDIUM-HARD-HARD"", ""MEDIUM-HARD-MEDIUM"", ""MEDIUM-MEDIUM-HARD""]","[""MEDIUM-HARD"", ""MEDIUM-SOFT"", ""MEDIUM-HARD-HARD"", ""MEDIUM-HARD-MEDIUM"", ""MEDIUM-MEDIUM-HARD""]"
2025R7,Imola,STR,8,2,MEDIUM-HARD-MEDIUM,"[14, 46]",1,MEDIUM-HARD,[27],0,0,0,1,1,1,,,"[""MEDIUM-HARD"", ""MEDIUM-SOFT"", ""MEDIUM-HARD-HARD"", ""MEDIUM-HARD-MEDIUM"", ""MEDIUM-MEDIUM-HARD""]","[""MEDIUM-HARD"", ""MEDIUM-SOFT"", ""MEDIUM-HARD-HARD"", ""MEDIUM-HARD-MEDIUM"", ""MEDIUM-MEDIUM-HARD""]"
2025R7,Imola,HAD,9,2,MEDIUM-HARD-HARD,"[29, 46]",1,MEDIUM-HARD,[27],0,0,0,1,1,1,,,"[""MEDIUM-HARD"", ""MEDIUM-SOFT"", ""MEDIUM-HARD-HARD"", ""MEDIUM-HARD-MEDIUM"", ""MEDIUM-MEDIUM-HARD""]","[""MEDIUM-HARD"", ""MEDIUM-SOFT"", ""MEDIUM-HARD-HARD"", ""MEDIUM-HARD-MEDIUM"", ""MEDIUM-MEDIUM-HARD""]"
2025R7,Imola,GAS,10,2,MEDIUM-HARD-HARD,"[9, 29]",1,MEDIUM-HARD,[27],0,0,0,1,1,1,,,"[""MEDIUM-HARD"", ""MEDIUM-SOFT"", ""MEDIUM-HARD-HARD"", ""MEDIUM-HARD-MEDIUM"", ""MEDIUM-MEDIUM-HARD""]","[""MEDIUM-HARD"", ""MEDIUM-SOFT"", ""MEDIUM-HARD-HARD"", ""MEDIUM-HARD-MEDIUM"", ""MEDIUM-MEDIUM-HARD""]"
2025R7,Imola,LEC,11,2,MEDIUM-HARD-HARD,"[10, 29]",1,MEDIUM-HARD,[27],0,0,0,1,1,1,,,"[""MEDIUM-HARD"", ""MEDIUM-SOFT"", ""MEDIUM-HARD-HARD"", ""MEDIUM-HARD-MEDIUM"", ""MEDIUM-MEDIUM-HARD""]","[""MEDIUM-HARD"", ""MEDIUM-SOFT"", ""MEDIUM-HARD-HARD"", ""MEDIUM-HARD-MEDIUM"", ""MEDIUM-MEDIUM-HARD""]"
2025R7,Imola,HAM,12,2,HARD-MEDIUM-HARD,"[29, 46]",1,MEDIUM-HARD,[27],0,0,0,1,0,1,,,"[""MEDIUM-HARD"", ""MEDIUM-SOFT"", ""MEDIUM-HARD-HARD"", ""MEDIUM-HARD-MEDIUM"", ""MEDIUM-MEDIUM-HARD""]","[""MEDIUM-HARD"", ""MEDIUM-SOFT"", ""MEDIUM-HARD-HARD"", ""MEDIUM-HARD-MEDIUM"", ""MEDIUM-MEDIUM-HARD""]"
2025R7,Imola,BOR,14,3,MEDIUM-HARD-HARD-MEDIUM,"[12, 29, 46]",1,MEDIUM-HARD,[27],0,0,0,0,0,0,,,"[""MEDIUM-HARD"", ""MEDIUM-SOFT"", ""MEDIUM-HARD-HARD"", ""MEDIUM-HARD-MEDIUM"", ""MEDIUM-MEDIUM-HARD""]","[""MEDIUM-HARD"", ""MEDIUM-SOFT"", ""MEDIUM-HARD-HARD"", ""MEDIUM-HARD-MEDIUM"", ""MEDIUM-MEDIUM-HARD""]"
2025R7,Imola,LAW,15,2,MEDIUM-HARD-HARD,"[10, 29]",1,MEDIUM-HARD,[27],0,0,0,1,1,1,,,"[""MEDIUM-HARD"", ""MEDIUM-SOFT"", ""MEDIUM-HARD-HARD"", ""MEDIUM-HARD-MEDIUM"", ""MEDIUM-MEDIUM-HARD""]","[""MEDIUM-HARD"", ""MEDIUM-SOFT"", ""MEDIUM-HARD-HARD"", ""MEDIUM-HARD-MEDIUM"", ""MEDIUM-MEDIUM-HARD""]"
2025R7,Imola,COL,16,2,MEDIUM-HARD-HARD,"[22, 46]",1,MEDIUM-HARD,[27],0,0,0,1,1,1,,,"[""MEDIUM-HARD"", ""MEDIUM-SOFT"", ""MEDIUM-HARD-HARD"", ""MEDIUM-HARD-MEDIUM"", ""MEDIUM-MEDIUM-HARD""]","[""MEDIUM-HARD"", ""MEDIUM-SOFT"", ""MEDIUM-HARD-HARD"", ""MEDIUM-HARD-MEDIUM"", ""MEDIUM-MEDIUM-HARD""]"
2025R7,Imola,HUL,17,1,HARD-MEDIUM,[29],1,MEDIUM-HARD,[27],1,0,1,1,0,1,2,[2],"[""MEDIUM-HARD"", ""MEDIUM-SOFT"", ""MEDIUM-HARD-HARD"", ""MEDIUM-HARD-MEDIUM"", ""MEDIUM-MEDIUM-HARD""]","[""MEDIUM-HARD"", ""MEDIUM-SOFT"", ""MEDIUM-HARD-HARD"", ""MEDIUM-HARD-MEDIUM"", ""MEDIUM-MEDIUM-HARD""]"
2025R7,Imola,BEA,19,0,HARD,[],1,MEDIUM-HARD,[27],0,0,0,0,0,0,,,"[""MEDIUM-HARD"", ""MEDIUM-SOFT"", ""MEDIUM-HARD-HARD"", ""MEDIUM-HARD-MEDIUM"", ""MEDIUM-MEDIUM-HARD""]","[""MEDIUM-HARD"", ""MEDIUM-SOFT"", ""MEDIUM-HARD-HARD"", ""MEDIUM-HARD-MEDIUM"", ""MEDIUM-MEDIUM-HARD""]"
2025R7,Imola,TSU,20,1,HARD-MEDIUM,[29],1,MEDIUM-HARD,[27],1,0,1,1,0,1,2,[2],"[""MEDIUM-HARD"", ""MEDIUM-SOFT"", ""MEDIUM-HARD-HARD"", ""MEDIUM-HARD-MEDIUM"", ""MEDIUM-MEDIUM-HARD""]","[""MEDIUM-HARD"", ""MEDIUM-SOFT"", ""MEDIUM-HARD-HARD"", ""MEDIUM-HARD-MEDIUM"", ""MEDIUM-MEDIUM-HARD""]"
2025R8,Monte Carlo,NOR,1,2,MEDIUM-HARD-HARD,"[19, 50]",2,MEDIUM-HARD-HARD,"[51, 64]",1,1,1,1,1,1,32,"[32, 14]","[""MEDIUM-HARD-HARD"", ""MEDIUM-HARD-MEDIUM"", ""MEDIUM-MEDIUM-HARD"", ""MEDIUM-HARD-SOFT"", ""SOFT-HARD-HARD""]","[""MEDIUM-HARD-HARD"", ""MEDIUM-HARD-MEDIUM"", ""MEDIUM-MEDIUM-HARD"", ""MEDIUM-HARD-SOFT"", ""SOFT-HARD-HARD""]"
2025R8,Monte Carlo,LEC,2,2,MEDIUM-HARD-MEDIUM,"[22, 49]",2,MEDIUM-HARD-HARD,"[51, 64]",0,0,1,1,1,1,29,"[29, 15]","[""MEDIUM-HARD-HARD"", ""MEDIUM-HARD-MEDIUM"", ""MEDIUM-MEDIUM-HARD"", ""MEDIUM-HARD-SOFT"", ""SOFT-HARD-HARD""]","[""MEDIUM-HARD-HARD"", ""MEDIUM-HARD-MEDIUM"", ""MEDIUM-MEDIUM-HARD"", ""MEDIUM-HARD-SOFT"", ""SOFT-HARD-HARD""]"
2025R8,Monte Carlo,PIA,3,2,MEDIUM-HARD-HARD,"[20, 48]",2,MEDIUM-HARD-HARD,"[51, 64]",1,1,1,1,1,1,31,"[31, 16]","[""MEDIUM-HARD-HARD"", ""MEDIUM-HARD-MEDIUM"", ""MEDIUM-MEDIUM-HARD"", ""MEDIUM-HARD-SOFT"", ""SOFT-HARD-HARD""]","[""MEDIUM-HARD-HARD"", ""MEDIUM-HARD-MEDIUM"", ""MEDIUM-MEDIUM-HARD"", ""MEDIUM-HARD-SOFT"", ""SOFT-HARD-HARD""]"
2025R8,Monte Carlo,VER,4,1,HARD-MEDIUM,[28],2,MEDIUM-HARD-HARD,"[51, 64]",0,0,0,0,0,0,,,"[""MEDIUM-HARD-HARD"", ""MEDIUM-HARD-MEDIUM"", ""MEDIUM-MEDIUM-HARD"", ""MEDIUM-HARD-SOFT"", ""SOFT-HARD-HARD""]","[""MEDIUM-HARD-HARD"", ""MEDIUM-HARD-MEDIUM"", ""MEDIUM-MEDIUM-HARD"", ""MEDIUM-HARD-SOFT"", ""SOFT-HARD-HARD""]"
2025R8,Monte Carlo,HAD,5,2,MEDIUM-SOFT-HARD,"[14, 19]",2,MEDIUM-HARD-HARD,"[51, 64]",0,0,1,1,0,1,37,"[37, 45]","[""MEDIUM-HARD-HARD"", ""MEDIUM-HARD-MEDIUM"", ""MEDIUM-MEDIUM-HARD"", ""MEDIUM-HARD-SOFT"", ""SOFT-HARD-HARD""]","[""MEDIUM-HARD-HARD"", ""MEDIUM-HARD-MEDIUM"", ""MEDIUM-MEDIUM-HARD"", ""MEDIUM-HARD-SOFT"", ""SOFT-HARD-HARD""]"
2025R8,Monte Carlo,HAM,7,2,HARD-HARD-MEDIUM,"[18, 56]",2,MEDIUM-HARD-HARD,"[51, 64]",1,0,1,1,0,1,33,"[33, 8]","[""MEDIUM-HARD-HARD"", ""MEDIUM-HARD-MEDIUM"", ""MEDIUM-MEDIUM-HARD"", ""MEDIUM-HARD-SOFT"", ""SOFT-HARD-HARD""]","[""MEDIUM-HARD-HARD"", ""MEDIUM-HARD-MEDIUM"", ""MEDIUM-MEDIUM-HARD"", ""MEDIUM-HARD-SOFT"", ""SOFT-HARD-HARD""]"
2025R8,Monte Carlo,OCO,8,2,MEDIUM-MEDIUM-HARD,"[16, 28]",2,MEDIUM-HARD-HARD,"[51, 64]",0,0,1,1,1,1,35,"[35, 36]","[""MEDIUM-HARD-HARD"", ""MEDIUM-HARD-MEDIUM"", ""MEDIUM-MEDIUM-HARD"", ""MEDIUM-HARD-SOFT"", ""SOFT-HARD-HARD""]","[""MEDIUM-HARD-HARD"", ""MEDIUM-HARD-MEDIUM"", ""MEDIUM-MEDIUM-HARD"", ""MEDIUM-HARD-SOFT"", ""SOFT-HARD-HARD""]"
2025R8,Monte Carlo,LAW,9,2,MEDIUM-SOFT-HARD,"[31, 40]",2,MEDIUM-HARD-HARD,"[51, 64]",0,0,1,1,0,1,20,"[20, 24]","[""MEDIUM-HARD-HARD"", ""MEDIUM-HARD-MEDIUM"", ""MEDIUM-MEDIUM-HARD"", ""MEDIUM-HARD-SOFT"", ""SOFT-HARD-HARD""]","[""MEDIUM-HARD-HARD"", ""MEDIUM-HARD-MEDIUM"", ""MEDIUM-MEDIUM-HARD"", ""MEDIUM-HARD-SOFT"", ""SOFT-HARD-HARD""]"
2025R8,Monte Carlo,ALB,10,2,MEDIUM-MEDIUM-HARD,"[32, 40]",2,MEDIUM-HARD-HARD,"[51, 64]",0,0,1,1,1,1,19,"[19, 24]","[""MEDIUM-HARD-HARD"", ""MEDIUM-HARD-MEDIUM"", ""MEDIUM-MEDIUM-HARD"", ""MEDIUM-HARD-SOFT"", ""SOFT-HARD-HARD""]","[""MEDIUM-HARD-HARD"", ""MEDIUM-HARD-MEDIUM"", ""MEDIUM-MEDIUM-HARD"", ""MEDIUM-HARD-SOFT"", ""SOFT-HARD-HARD""]"
2025R8,Monte Carlo,SAI,11,2,HARD-MEDIUM-MEDIUM,"[48, 53]",2,MEDIUM-HARD-HARD,"[51, 64]",0,0,1,1,0,1,3,"[3, 11]","[""MEDIUM-HARD-HARD"", ""MEDIUM-HARD-MEDIUM"", ""MEDIUM-MEDIUM-HARD"", ""MEDIUM-HARD-SOFT"", ""SOFT-HARD-HARD""]","[""MEDIUM-HARD-HARD"", ""MEDIUM-HARD-MEDIUM"", ""MEDIUM-MEDIUM-HARD"", ""MEDIUM-HARD-SOFT"", ""SOFT-HARD-HARD""]"
2025R8,Monte Carlo,TSU,12,0,HARD,[],2,MEDIUM-HARD-HARD,"[51, 64]",0,0,0,0,0,0,,,"[""MEDIUM-HARD-HARD"", ""MEDIUM-HARD-MEDIUM"", ""MEDIUM-MEDIUM-HARD"", ""MEDIUM-HARD-SOFT"", ""SOFT-HARD-HARD""]","[""MEDIUM-HARD-HARD"", ""MEDIUM-HARD-MEDIUM"", ""MEDIUM-MEDIUM-HARD"", ""MEDIUM-HARD-SOFT"", ""SOFT-HARD-HARD""]"
2025R8,Monte Carlo,HUL,13,2,MEDIUM-HARD-SOFT,"[12, 44]",2,MEDIUM-HARD-HARD,"[51, 64]",0,0,1,1,1,1,39,"[39, 20]","[""MEDIUM-HARD-HARD"", ""MEDIUM-HARD-MEDIUM"", ""MEDIUM-MEDIUM-HARD"", ""MEDIUM-HARD-SOFT"", ""SOFT-HARD-HARD""]","[""MEDIUM-HARD-HARD"", ""MEDIUM-HARD-MEDIUM"", ""MEDIUM-MEDIUM-HARD"", ""MEDIUM-HARD-SOFT"", ""SOFT-HARD-HARD""]"
2025R8,Monte Carlo,RUS,14,2,HARD-MEDIUM-HARD,"[53, 68]",2,MEDIUM-HARD-HARD,"[51, 64]",1,0,1,1,0,1,2,"[2, 4]","[""MEDIUM-HARD-HARD"", ""MEDIUM-HARD-MEDIUM"", ""MEDIUM-MEDIUM-HARD"", ""MEDIUM-HARD-SOFT"", ""SOFT-HARD-HARD""]","[""MEDIUM-HARD-HARD"", ""MEDIUM-HARD-MEDIUM"", ""MEDIUM-MEDIUM-HARD"", ""MEDIUM-HARD-SOFT"", ""SOFT-HARD-HARD""]"
2025R8,Monte Carlo,ANT,15,0,HARD,[],2,MEDIUM-HARD-HARD,"[51, 64]",0,0,0,0,0,0,,,"[""MEDIUM-HARD-HARD"", ""MEDIUM-HARD-MEDIUM"", ""MEDIUM-MEDIUM-HARD"", ""MEDIUM-HARD-SOFT"", ""SOFT-HARD-HARD""]","[""MEDIUM-HARD-HARD"", ""MEDIUM-HARD-MEDIUM"", ""MEDIUM-MEDIUM-HARD"", ""MEDIUM-HARD-SOFT"", ""SOFT-HARD-HARD""]"
2025R8,Monte Carlo,BOR,16,2,HARD-SOFT-MEDIUM,"[26, 35]",2,MEDIUM-HARD-HARD,"[51, 64]",0,0,1,1,0,1,25,"[25, 29]","[""MEDIUM-HARD-HARD"", ""MEDIUM-HARD-MEDIUM"", ""MEDIUM-MEDIUM-HARD"", ""MEDIUM-HARD-SOFT"", ""SOFT-HARD-HARD""]","[""MEDIUM-HARD-HARD"", ""MEDIUM-HARD-MEDIUM"", ""MEDIUM-MEDIUM-HARD"", ""MEDIUM-HARD-SOFT"", ""SOFT-HARD-HARD""]"
2025R8,Monte Carlo,COL,18,2,HARD-MEDIUM-MEDIUM,"[13, 26]",2,MEDIUM-HARD-HARD,"[51, 64]",0,0,1,1,0,1,38,"[38, 38]","[""MEDIUM-HARD-HARD"", ""MEDIUM-HARD-MEDIUM"", ""MEDIUM-MEDIUM-HARD"", ""MEDIUM-HARD-SOFT"", ""SOFT-HARD-HARD""]","[""MEDIUM-HARD-HARD"", ""MEDIUM-HARD-MEDIUM"", ""MEDIUM-MEDIUM-HARD"", ""MEDIUM-HARD-SOFT"", ""SOFT-HARD-HARD""]"
2025R8,Monte Carlo,STR,19,2,HARD-HARD-MEDIUM,"[17, 64]",2,MEDIUM-HARD-HARD,"[51, 64]",1,0,1,1,0,1,34,"[34, 0]","[""MEDIUM-HARD-HARD"", ""MEDIUM-HARD-MEDIUM"", ""MEDIUM-MEDIUM-HARD"", ""MEDIUM-HARD-SOFT"", ""SOFT-HARD-HARD""]","[""MEDIUM-HARD-HARD"", ""MEDIUM-HARD-MEDIUM"", ""MEDIUM-MEDIUM-HARD"", ""MEDIUM-HARD-SOFT"", ""SOFT-HARD-HARD""]"
2025R8,Monte Carlo,BEA,20,1,HARD-MEDIUM,[17],2,MEDIUM-HARD-HARD,"[51, 64]",0,0,0,0,0,0,,,"[""MEDIUM-HARD-HARD"", ""MEDIUM-HARD-MEDIUM"", ""MEDIUM-MEDIUM-HARD"", ""MEDIUM-HARD-SOFT"", ""SOFT-HARD-HARD""]","[""MEDIUM-HARD-HARD"", ""MEDIUM-HARD-MEDIUM"", ""MEDIUM-MEDIUM-HARD"", ""MEDIUM-HARD-SOFT"", ""SOFT-HARD-HARD""]"
2025R9,Barcelona,PIA,1,3,SOFT-MEDIUM-SOFT-SOFT,"[22, 49, 55]",2,SOFT-MEDIUM-SOFT,"[21, 41]",0,0,0,0,0,1,,,"[""SOFT-MEDIUM-SOFT"", ""SOFT-HARD-HARD"", ""SOFT-MEDIUM-HARD"", ""MEDIUM-HARD-HARD"", ""SOFT-MEDIUM-MEDIUM""]","[""SOFT-MEDIUM-SOFT"", ""SOFT-HARD-HARD"", ""SOFT-MEDIUM-HARD"", ""MEDIUM-HARD-HARD"", ""SOFT-MEDIUM-MEDIUM""]"
2025R9,Barcelona,NOR,2,3,SOFT-MEDIUM-SOFT-SOFT,"[21, 48, 55]",2,SOFT-MEDIUM-SOFT,"[21, 41]",0,0,0,0,0,1,,,"[""SOFT-MEDIUM-SOFT"", ""SOFT-HARD-HARD"", ""SOFT-MEDIUM-HARD"", ""MEDIUM-HARD-HARD"", ""SOFT-MEDIUM-MEDIUM""]","[""SOFT-MEDIUM-SOFT"", ""SOFT-HARD-HARD"", ""SOFT-MEDIUM-HARD"", ""MEDIUM-HARD-HARD"", ""SOFT-MEDIUM-MEDIUM""]"
2025R9,Barcelona,VER,3,4,SOFT-SOFT-MEDIUM-SOFT-HARD,"[13, 29, 47, 55]",2,SOFT-MEDIUM-SOFT,"[21, 41]",0,0,0,0,0,0,,,"[""SOFT-MEDIUM-SOFT"", ""SOFT-HARD-HARD"", ""SOFT-MEDIUM-HARD"", ""MEDIUM-HARD-HARD"", ""SOFT-MEDIUM-MEDIUM""]","[""SOFT-MEDIUM-SOFT"", ""SOFT-HARD-HARD"", ""SOFT-MEDIUM-HARD"", ""MEDIUM-HARD-HARD"", ""SOFT-MEDIUM-MEDIUM""]"
2025R9,Barcelona,RUS,4,3,SOFT-MEDIUM-SOFT-SOFT,"[20, 41, 55]",2,SOFT-MEDIUM-SOFT,"[21, 41]",0,0,0,0,0,1,,,"[""SOFT-MEDIUM-SOFT"", ""SOFT-HARD-HARD"", ""SOFT-MEDIUM-HARD"", ""MEDIUM-HARD-HARD"", ""SOFT-MEDIUM-MEDIUM""]","[""SOFT-MEDIUM-SOFT"", ""SOFT-HARD-HARD"", ""SOFT-MEDIUM-HARD"", ""MEDIUM-HARD-HARD"", ""SOFT-MEDIUM-MEDIUM""]"
2025R9,Barcelona,HAM,5,3,SOFT-MEDIUM-SOFT-SOFT,"[16, 46, 55]",2,SOFT-MEDIUM-SOFT,"[21, 41]",0,0,0,0,0,1,,,"[""SOFT-MEDIUM-SOFT"", ""SOFT-HARD-HARD"", ""SOFT-MEDIUM-HARD"", ""MEDIUM-HARD-HARD"", ""SOFT-MEDIUM-MEDIUM""]","[""SOFT-MEDIUM-SOFT"", ""SOFT-HARD-HARD"", ""SOFT-MEDIUM-HARD"", ""MEDIUM-HARD-HARD"", ""SOFT-MEDIUM-MEDIUM""]"
2025R9,Barcelona,LEC,7,3,SOFT-MEDIUM-MEDIUM-SOFT,"[17, 40, 55]",2,SOFT-MEDIUM-SOFT,"[21, 41]",0,0,0,0,0,1,,,"[""SOFT-MEDIUM-SOFT"", ""SOFT-HARD-HARD"", ""SOFT-MEDIUM-HARD"", ""MEDIUM-HARD-HARD"", ""SOFT-MEDIUM-MEDIUM""]","[""SOFT-MEDIUM-SOFT"", ""SOFT-HARD-HARD"", ""SOFT-MEDIUM-HARD"", ""MEDIUM-HARD-HARD"", ""SOFT-MEDIUM-MEDIUM""]"
2025R9,Barcelona,GAS,8,3,SOFT-SOFT-MEDIUM-SOFT,"[10, 31, 55]",2,SOFT-MEDIUM-SOFT,"[21, 41]",0,0,0,0,0,1,,,"[""SOFT-MEDIUM-SOFT"", ""SOFT-HARD-HARD"", ""SOFT-MEDIUM-HARD"", ""MEDIUM-HARD-HARD"", ""SOFT-MEDIUM-MEDIUM""]","[""SOFT-MEDIUM-SOFT"", ""SOFT-HARD-HARD"", ""SOFT-MEDIUM-HARD"", ""MEDIUM-HARD-HARD"", ""SOFT-MEDIUM-MEDIUM""]"
2025R9,Barcelona,HAD,9,3,SOFT-MEDIUM-SOFT-SOFT,"[19, 48, 55]",2,SOFT-MEDIUM-SOFT,"[21, 41]",0,0,0,0,0,1,,,"[""SOFT-MEDIUM-SOFT"", ""SOFT-HARD-HARD"", ""SOFT-MEDIUM-HARD"", ""MEDIUM-HARD-HARD"", ""SOFT-MEDIUM-MEDIUM""]","[""SOFT-MEDIUM-SOFT"", ""SOFT-HARD-HARD"", ""SOFT-MEDIUM-HARD"", ""MEDIUM-HARD-HARD"", ""SOFT-MEDIUM-MEDIUM""]"
2025R9,Barcelona,ALO,10,3,SOFT-MEDIUM-SOFT-SOFT,"[15, 42, 54]",2,SOFT-MEDIUM-SOFT,"[21, 41]",0,0,0,0,0,1,,,"[""SOFT-MEDIUM-SOFT"", ""SOFT-HARD-HARD"", ""SOFT-MEDIUM-HARD"", ""MEDIUM-HARD-HARD"", ""SOFT-MEDIUM-MEDIUM""]","[""SOFT-MEDIUM-SOFT"", ""SOFT-HARD-HARD"", ""SOFT-MEDIUM-HARD"", ""MEDIUM-HARD-HARD"", ""SOFT-MEDIUM-MEDIUM""]"
2025R9,Barcelona,BOR,12,2,SOFT-MEDIUM-SOFT,"[19, 49]",2,SOFT-MEDIUM-SOFT,"[21, 41]",1,1,1,1,1,1,2,"[2, 8]","[""SOFT-MEDIUM-SOFT"", ""SOFT-HARD-HARD"", ""SOFT-MEDIUM-HARD"", ""MEDIUM-HARD-HARD"", ""SOFT-MEDIUM-MEDIUM""]","[""SOFT-MEDIUM-SOFT"", ""SOFT-HARD-HARD"", ""SOFT-MEDIUM-HARD"", ""MEDIUM-HARD-HARD"", ""SOFT-MEDIUM-MEDIUM""]"
2025R9,Barcelona,LAW,13,2,SOFT-MEDIUM-SOFT,"[18, 44]",2,SOFT-MEDIUM-SOFT,"[21, 41]",1,1,1,1,1,1,3,"[3, 3]","[""SOFT-MEDIUM-SOFT"", ""SOFT-HARD-HARD"", ""SOFT-MEDIUM-HARD"", ""MEDIUM-HARD-HARD"", ""SOFT-MEDIUM-MEDIUM""]","[""SOFT-MEDIUM-SOFT"", ""SOFT-HARD-HARD"", ""SOFT-MEDIUM-HARD"", ""MEDIUM-HARD-HARD"", ""SOFT-MEDIUM-MEDIUM""]"
2025R9,Barcelona,BEA,14,3,SOFT-MEDIUM-MEDIUM-SOFT,"[8, 35, 54]",2,SOFT-MEDIUM-SOFT,"[21, 41]",0,0,0,0,0,1,,,"[""SOFT-MEDIUM-SOFT"", ""SOFT-HARD-HARD"", ""SOFT-MEDIUM-HARD"", ""MEDIUM-HARD-HARD"", ""SOFT-MEDIUM-MEDIUM""]","[""SOFT-MEDIUM-SOFT"", ""SOFT-HARD-HARD"", ""SOFT-MEDIUM-HARD"", ""MEDIUM-HARD-HARD"", ""SOFT-MEDIUM-MEDIUM""]"
2025R9,Barcelona,HUL,15,3,SOFT-MEDIUM-SOFT-SOFT,"[9, 45, 56]",2,SOFT-MEDIUM-SOFT,"[21, 41]",0,0,0,0,0,1,,,"[""SOFT-MEDIUM-SOFT"", ""SOFT-HARD-HARD"", ""SOFT-MEDIUM-HARD"", ""MEDIUM-HARD-HARD"", ""SOFT-MEDIUM-MEDIUM""]","[""SOFT-MEDIUM-SOFT"", ""SOFT-HARD-HARD"", ""SOFT-MEDIUM-HARD"", ""MEDIUM-HARD-HARD"", ""SOFT-MEDIUM-MEDIUM""]"
2025R9,Barcelona,OCO,16,2,SOFT-MEDIUM-MEDIUM,"[20, 43]",2,SOFT-MEDIUM-SOFT,"[21, 41]",0,0,1,1,1,1,1,"[1, 2]","[""SOFT-MEDIUM-SOFT"", ""SOFT-HARD-HARD"", ""SOFT-MEDIUM-HARD"", ""MEDIUM-HARD-HARD"", ""SOFT-MEDIUM-MEDIUM""]","[""SOFT-MEDIUM-SOFT"", ""SOFT-HARD-HARD"", ""SOFT-MEDIUM-HARD"", ""MEDIUM-HARD-HARD"", ""SOFT-MEDIUM-MEDIUM""]"
2025R9,Barcelona,SAI,17,3,SOFT-SOFT-MEDIUM-SOFT,"[9, 34, 55]",2,SOFT-MEDIUM-SOFT,"[21, 41]",0,0,0,0,0,1,,,"[""SOFT-MEDIUM-SOFT"", ""SOFT-HARD-HARD"", ""SOFT-MEDIUM-HARD"", ""MEDIUM-HARD-HARD"", ""SOFT-MEDIUM-MEDIUM""]","[""SOFT-MEDIUM-SOFT"", ""SOFT-HARD-HARD"", ""SOFT-MEDIUM-HARD"", ""MEDIUM-HARD-HARD"", ""SOFT-MEDIUM-MEDIUM""]"
2025R9,Barcelona,COL,18,3,SOFT-MEDIUM-SOFT-SOFT,"[14, 39, 54]",2,SOFT-MEDIUM-SOFT,"[21, 41]",0,0,0,0,0,1,,,"[""SOFT-MEDIUM-SOFT"", ""SOFT-HARD-HARD"", ""SOFT-MEDIUM-HARD"", ""MEDIUM-HARD-HARD"", ""SOFT-MEDIUM-MEDIUM""]","[""SOFT-MEDIUM-SOFT"", ""SOFT-HARD-HARD"", ""SOFT-MEDIUM-HARD"", ""MEDIUM-HARD-HARD"", ""SOFT-MEDIUM-MEDIUM""]"
2025R9,Barcelona,TSU,19,4,MEDIUM-SOFT-SOFT-SOFT-SOFT,"[8, 24, 44, 54]",2,SOFT-MEDIUM-SOFT,"[21, 41]",0,0,0,0,0,0,,,"[""SOFT-MEDIUM-SOFT"", ""SOFT-HARD-HARD"", ""SOFT-MEDIUM-HARD"", ""MEDIUM-HARD-HARD"", ""SOFT-MEDIUM-MEDIUM""]","[""SOFT-MEDIUM-SOFT"", ""SOFT-HARD-HARD"", ""SOFT-MEDIUM-HARD"", ""MEDIUM-HARD-HARD"", ""SOFT-MEDIUM-MEDIUM""]"
2025R11,Spielberg,NOR,1,2,MEDIUM-HARD-MEDIUM,"[20, 52]",1,MEDIUM-HARD,[27],0,0,0,1,1,1,,,"[""MEDIUM-HARD"", ""MEDIUM-HARD-HARD"", ""MEDIUM-HARD-MEDIUM"", ""MEDIUM-SOFT"", ""MEDIUM-MEDIUM-HARD""]","[""MEDIUM-HARD"", ""MEDIUM-HARD-HARD"", ""MEDIUM-HARD-MEDIUM"", ""MEDIUM-SOFT"", ""MEDIUM-MEDIUM-HARD""]"
2025R11,Spielberg,LEC,2,2,MEDIUM-HARD-MEDIUM,"[25, 49]",1,MEDIUM-HARD,[27],0,0,0,1,1,1,,,"[""MEDIUM-HARD"", ""MEDIUM-HARD-HARD"", ""MEDIUM-HARD-MEDIUM"", ""MEDIUM-SOFT"", ""MEDIUM-MEDIUM-HARD""]","[""MEDIUM-HARD"", ""MEDIUM-HARD-HARD"", ""MEDIUM-HARD-MEDIUM"", ""MEDIUM-SOFT"", ""MEDIUM-MEDIUM-HARD""]"
2025R11,Spielberg,PIA,3,2,MEDIUM-HARD-MEDIUM,"[24, 53]",1,MEDIUM-HARD,[27],0,0,0,1,1,1,,,"[""MEDIUM-HARD"", ""MEDIUM-HARD-HARD"", ""MEDIUM-HARD-MEDIUM"", ""MEDIUM-SOFT"", ""MEDIUM-MEDIUM-HARD""]","[""MEDIUM-HARD"", ""MEDIUM-HARD-HARD"", ""MEDIUM-HARD-MEDIUM"", ""MEDIUM-SOFT"", ""MEDIUM-MEDIUM-HARD""]"
2025R11,Spielberg,HAM,4,2,MEDIUM-HARD-MEDIUM,"[26, 50]",1,MEDIUM-HARD,[27],0,0,0,1,1,1,,,"[""MEDIUM-HARD"", ""MEDIUM-HARD-HARD"", ""MEDIUM-HARD-MEDIUM"", ""MEDIUM-SOFT"", ""MEDIUM-MEDIUM-HARD""]","[""MEDIUM-HARD"", ""MEDIUM-HARD-HARD"", ""MEDIUM-HARD-MEDIUM"", ""MEDIUM-SOFT"", ""MEDIUM-MEDIUM-HARD""]"
2025R11,Spielberg,RUS,5,2,MEDIUM-MEDIUM-HARD,"[18, 45]",1,MEDIUM-HARD,[27],0,0,0,1,1,1,,,"[""MEDIUM-HARD"", ""MEDIUM-HARD-HARD"", ""MEDIUM-HARD-MEDIUM"", ""MEDIUM-SOFT"", ""MEDIUM-MEDIUM-HARD""]","[""MEDIUM-HARD"", ""MEDIUM-HARD-HARD"", ""MEDIUM-HARD-MEDIUM"", ""MEDIUM-SOFT"", ""MEDIUM-MEDIUM-HARD""]"
2025R11,Spielberg,LAW,6,1,MEDIUM-HARD,[32],1,MEDIUM-HARD,[27],1,1,1,1,1,1,5,[5],"[""MEDIUM-HARD"", ""MEDIUM-HARD-HARD"", ""MEDIUM-HARD-MEDIUM"", ""MEDIUM-SOFT"", ""MEDIUM-MEDIUM-HARD""]","[""MEDIUM-HARD"", ""MEDIUM-HARD-HARD"", ""MEDIUM-HARD-MEDIUM"", ""MEDIUM-SOFT"", ""MEDIUM-MEDIUM-HARD""]"
2025R11,Spielberg,BOR,8,2,MEDIUM-MEDIUM-HARD,"[21, 49]",1,MEDIUM-HARD,[27],0,0,0,1,1,1,,,"[""MEDIUM-HARD"", ""MEDIUM-HARD-HARD"", ""MEDIUM-HARD-MEDIUM"", ""MEDIUM-SOFT"", ""MEDIUM-MEDIUM-HARD""]","[""MEDIUM-HARD"", ""MEDIUM-HARD-HARD"", ""MEDIUM-HARD-MEDIUM"", ""MEDIUM-SOFT"", ""MEDIUM-MEDIUM-HARD""]"
2025R11,Spielberg,GAS,10,2,SOFT-HARD-MEDIUM,"[12, 38]",1,MEDIUM-HARD,[27],0,0,0,0,0,1,,,"[""MEDIUM-HARD"", ""MEDIUM-HARD-HARD"", ""MEDIUM-HARD-MEDIUM"", ""MEDIUM-SOFT"", ""MEDIUM-MEDIUM-HARD""]","[""MEDIUM-HARD"", ""MEDIUM-HARD-HARD"", ""MEDIUM-HARD-MEDIUM"", ""MEDIUM-SOFT"", ""MEDIUM-MEDIUM-HARD""]"
2025R11,Spielberg,ALO,11,1,MEDIUM-HARD,[33],1,MEDIUM-HARD,[27],1,1,1,1,1,1,6,[6],"[""MEDIUM-HARD"", ""MEDIUM-HARD-HARD"", ""MEDIUM-HARD-MEDIUM"", ""MEDIUM-SOFT"", ""MEDIUM-MEDIUM-HARD""]","[""MEDIUM-HARD"", ""MEDIUM-HARD-HARD"", ""MEDIUM-HARD-MEDIUM"", ""MEDIUM-SOFT"", ""MEDIUM-MEDIUM-HARD""]"
2025R11,Spielberg,HAD,13,1,MEDIUM-HARD,[28],1,MEDIUM-HARD,[27],1,1,1,1,1,1,1,[1],"[""MEDIUM-HARD"", ""MEDIUM-HARD-HARD"", ""MEDIUM-HARD-MEDIUM"", ""MEDIUM-SOFT"", ""MEDIUM-MEDIUM-HARD""]","[""MEDIUM-HARD"", ""MEDIUM-HARD-HARD"", ""MEDIUM-HARD-MEDIUM"", ""MEDIUM-SOFT"", ""MEDIUM-MEDIUM-HARD""]"
2025R11,Spielberg,COL,14,2,SOFT-MEDIUM-HARD,"[13, 39]",1,MEDIUM-HARD,[27],0,0,0,0,0,1,,,"[""MEDIUM-HARD"", ""MEDIUM-HARD-HARD"", ""MEDIUM-HARD-MEDIUM"", ""MEDIUM-SOFT"", ""MEDIUM-MEDIUM-HARD""]","[""MEDIUM-HARD"", ""MEDIUM-HARD-HARD"", ""MEDIUM-HARD-MEDIUM"", ""MEDIUM-SOFT"", ""MEDIUM-MEDIUM-HARD""]"
2025R11,Spielberg,BEA,15,2,SOFT-HARD-MEDIUM,"[11, 39]",1,MEDIUM-HARD,[27],0,0,0,0,0,1,,,"[""MEDIUM-HARD"", ""MEDIUM-HARD-HARD"", ""MEDIUM-HARD-MEDIUM"", ""MEDIUM-SOFT"", ""MEDIUM-MEDIUM-HARD""]","[""MEDIUM-HARD"", ""MEDIUM-HARD-HARD"", ""MEDIUM-HARD-MEDIUM"", ""MEDIUM-SOFT"", ""MEDIUM-MEDIUM-HARD""]"
2025R11,Spielberg,STR,16,2,MEDIUM-HARD-SOFT,"[26, 53]",1,MEDIUM-HARD,[27],0,0,0,0,0,1,,,"[""MEDIUM-HARD"", ""MEDIUM-HARD-HARD"", ""MEDIUM-HARD-MEDIUM"", ""MEDIUM-SOFT"", ""MEDIUM-MEDIUM-HARD""]","[""MEDIUM-HARD"", ""MEDIUM-HARD-HARD"", ""MEDIUM-HARD-MEDIUM"", ""MEDIUM-SOFT"", ""MEDIUM-MEDIUM-HARD""]"
2025R11,Spielberg,OCO,17,2,MEDIUM-HARD-HARD,"[19, 50]",1,MEDIUM-HARD,[27],0,0,0,1,1,1,,,"[""MEDIUM-HARD"", ""MEDIUM-HARD-HARD"", ""MEDIUM-HARD-MEDIUM"", ""MEDIUM-SOFT"", ""MEDIUM-MEDIUM-HARD""]","[""MEDIUM-HARD"", ""MEDIUM-HARD-HARD"", ""MEDIUM-HARD-MEDIUM"", ""MEDIUM-SOFT"", ""MEDIUM-MEDIUM-HARD""]"
2025R11,Spielberg,TSU,18,3,MEDIUM-HARD-MEDIUM-SOFT,"[18, 30, 60]",1,MEDIUM-HARD,[27],0,0,0,0,0,0,,,"[""MEDIUM-HARD"", ""MEDIUM-HARD-HARD"", ""MEDIUM-HARD-MEDIUM"", ""MEDIUM-SOFT"", ""MEDIUM-MEDIUM-HARD""]","[""MEDIUM-HARD"", ""MEDIUM-HARD-HARD"", ""MEDIUM-HARD-MEDIUM"", ""MEDIUM-SOFT"", ""MEDIUM-MEDIUM-HARD""]"
2025R11,Spielberg,HUL,20,2,SOFT-MEDIUM-MEDIUM,"[12, 42]",1,MEDIUM-HARD,[27],0,0,0,0,0,1,,,"[""MEDIUM-HARD"", ""MEDIUM-HARD-HARD"", ""MEDIUM-HARD-MEDIUM"", ""MEDIUM-SOFT"", ""MEDIUM-MEDIUM-HARD""]","[""MEDIUM-HARD"", ""MEDIUM-HARD-HARD"", ""MEDIUM-HARD-MEDIUM"", ""MEDIUM-SOFT"", ""MEDIUM-MEDIUM-HARD""]"
2025R16,Monza,VER,1,1,MEDIUM-HARD,[37],1,MEDIUM-HARD,[22],1,1,1,1,1,1,15,[15],"[""MEDIUM-HARD"", ""MEDIUM-HARD-HARD"", ""MEDIUM-HARD-MEDIUM"", ""MEDIUM-SOFT"", ""MEDIUM-MEDIUM-HARD""]","[""MEDIUM-HARD"", ""MEDIUM-HARD-HARD"", ""MEDIUM-HARD-MEDIUM"", ""MEDIUM-SOFT"", ""MEDIUM-MEDIUM-HARD""]"
2025R16,Monza,NOR,2,1,MEDIUM-SOFT,[46],1,MEDIUM-HARD,[22],0,0,1,1,1,1,24,[24],"[""MEDIUM-HARD"", ""MEDIUM-HARD-HARD"", ""MEDIUM-HARD-MEDIUM"", ""MEDIUM-SOFT"", ""MEDIUM-MEDIUM-HARD""]","[""MEDIUM-HARD"", ""MEDIUM-HARD-HARD"", ""MEDIUM-HARD-MEDIUM"", ""MEDIUM-SOFT"", ""MEDIUM-MEDIUM-HARD""]"
2025R16,Monza,PIA,3,1,MEDIUM-SOFT,[45],1,MEDIUM-HARD,[22],0,0,1,1,1,1,23,[23],"[""MEDIUM-HARD"", ""MEDIUM-HARD-HARD"", ""MEDIUM-HARD-MEDIUM"", ""MEDIUM-SOFT"", ""MEDIUM-MEDIUM-HARD""]","[""MEDIUM-HARD"", ""MEDIUM-HARD-HARD"", ""MEDIUM-HARD-MEDIUM"", ""MEDIUM-SOFT"", ""MEDIUM-MEDIUM-HARD""]"
2025R16,Monza,LEC,4,1,MEDIUM-HARD,[33],1,MEDIUM-HARD,[22],1,1,1,1,1,1,11,[11],"[""MEDIUM-HARD"", ""MEDIUM-HARD-HARD"", ""MEDIUM-HARD-MEDIUM"", ""MEDIUM-SOFT"", ""MEDIUM-MEDIUM-HARD""]","[""MEDIUM-HARD"", ""MEDIUM-HARD-HARD"", ""MEDIUM-HARD-MEDIUM"", ""MEDIUM-SOFT"", ""MEDIUM-MEDIUM-HARD""]"
2025R16,Monza,RUS,5,1,MEDIUM-HARD,[27],1,MEDIUM-HARD,[22],1,1,1,1,1,1,5,[5],"[""MEDIUM-HARD"", ""MEDIUM-HARD-HARD"", ""MEDIUM-HARD-MEDIUM"", ""MEDIUM-SOFT"", ""MEDIUM-MEDIUM-HARD""]","[""MEDIUM-HARD"", ""MEDIUM-HARD-HARD"", ""MEDIUM-HARD-MEDIUM"", ""MEDIUM-SOFT"", ""MEDIUM-MEDIUM-HARD""]"
2025R16,Monza,ANT,6,1,MEDIUM-HARD,[28],1,MEDIUM-HARD,[22],1,1,1,1,1,1,6,[6],"[""MEDIUM-HARD"", ""MEDIUM-HARD-HARD"", ""MEDIUM-HARD-MEDIUM"", ""MEDIUM-SOFT"", ""MEDIUM-MEDIUM-HARD""]","[""MEDIUM-HARD"", ""MEDIUM-HARD-HARD"", ""MEDIUM-HARD-MEDIUM"", ""MEDIUM-SOFT"", ""MEDIUM-MEDIUM-HARD""]"
2025R16,Monza,BOR,7,1,MEDIUM-HARD,[20],1,MEDIUM-HARD,[22],1,1,1,1,1,1,2,[2],"[""MEDIUM-HARD"", ""MEDIUM-HARD-HARD"", ""MEDIUM-HARD-MEDIUM"", ""MEDIUM-SOFT"", ""MEDIUM-MEDIUM-HARD""]","[""MEDIUM-HARD"", ""MEDIUM-HARD-HARD"", ""MEDIUM-HARD-MEDIUM"", ""MEDIUM-SOFT"", ""MEDIUM-MEDIUM-HARD""]"
2025R16,Monza,TSU,9,1,MEDIUM-HARD,[19],1,MEDIUM-HARD,[22],1,1,1,1,1,1,3,[3],"[""MEDIUM-HARD"", ""MEDIUM-HARD-HARD"", ""MEDIUM-HARD-MEDIUM"", ""MEDIUM-SOFT"", ""MEDIUM-MEDIUM-HARD""]","[""MEDIUM-HARD"", ""MEDIUM-HARD-HARD"", ""MEDIUM-HARD-MEDIUM"", ""MEDIUM-SOFT"", ""MEDIUM-MEDIUM-HARD""]"
2025R16,Monza,HAM,10,1,MEDIUM-HARD,[38],1,MEDIUM-HARD,[22],1,1,1,1,1,1,16,[16],"[""MEDIUM-HARD"", ""MEDIUM-HARD-HARD"", ""MEDIUM-HARD-MEDIUM"", ""MEDIUM-SOFT"", ""MEDIUM-MEDIUM-HARD""]","[""MEDIUM-HARD"", ""MEDIUM-HARD-HARD"", ""MEDIUM-HARD-MEDIUM"", ""MEDIUM-SOFT"", ""MEDIUM-MEDIUM-HARD""]"
2025R16,Monza,BEA,11,1,MEDIUM-HARD,[18],1,MEDIUM-HARD,[22],1,1,1,1,1,1,4,[4],"[""MEDIUM-HARD"", ""MEDIUM-HARD-HARD"", ""MEDIUM-HARD-MEDIUM"", ""MEDIUM-SOFT"", ""MEDIUM-MEDIUM-HARD""]","[""MEDIUM-HARD"", ""MEDIUM-HARD-HARD"", ""MEDIUM-HARD-MEDIUM"", ""MEDIUM-SOFT"", ""MEDIUM-MEDIUM-HARD""]"
2025R16,Monza,SAI,13,1,MEDIUM-HARD,[30],1,MEDIUM-HARD,[22],1,1,1,1,1,1,8,[8],"[""MEDIUM-HARD"", ""MEDIUM-HARD-HARD"", ""MEDIUM-HARD-MEDIUM"", ""MEDIUM-SOFT"", ""MEDIUM-MEDIUM-HARD""]","[""MEDIUM-HARD"", ""MEDIUM-HARD-HARD"", ""MEDIUM-HARD-MEDIUM"", ""MEDIUM-SOFT"", ""MEDIUM-MEDIUM-HARD""]"
2025R16,Monza,ALB,14,1,HARD-MEDIUM,[41],1,MEDIUM-HARD,[22],1,0,1,1,0,1,19,[19],"[""MEDIUM-HARD"", ""MEDIUM-HARD-HARD"", ""MEDIUM-HARD-MEDIUM"", ""MEDIUM-SOFT"", ""MEDIUM-MEDIUM-HARD""]","[""MEDIUM-HARD"", ""MEDIUM-HARD-HARD"", ""MEDIUM-HARD-MEDIUM"", ""MEDIUM-SOFT"", ""MEDIUM-MEDIUM-HARD""]"
2025R16,Monza,OCO,15,0,HARD,[],1,MEDIUM-HARD,[22],0,0,0,0,0,0,,,"[""MEDIUM-HARD"", ""MEDIUM-HARD-HARD"", ""MEDIUM-HARD-MEDIUM"", ""MEDIUM-SOFT"", ""MEDIUM-MEDIUM-HARD""]","[""MEDIUM-HARD"", ""MEDIUM-HARD-HARD"", ""MEDIUM-HARD-MEDIUM"", ""MEDIUM-SOFT"", ""MEDIUM-MEDIUM-HARD""]"
2025R16,Monza,STR,16,0,HARD,[],1,MEDIUM-HARD,[22],0,0,0,0,0,0,,,"[""MEDIUM-HARD"", ""MEDIUM-HARD-HARD"", ""MEDIUM-HARD-MEDIUM"", ""MEDIUM-SOFT"", ""MEDIUM-MEDIUM-HARD""]","[""MEDIUM-HARD"", ""MEDIUM-HARD-HARD"", ""MEDIUM-HARD-MEDIUM"", ""MEDIUM-SOFT"", ""MEDIUM-MEDIUM-HARD""]"
2025R16,Monza,COL,17,1,MEDIUM-HARD,[33],1,MEDIUM-HARD,[22],1,1,1,1,1,1,11,[11],"[""MEDIUM-HARD"", ""MEDIUM-HARD-HARD"", ""MEDIUM-HARD-MEDIUM"", ""MEDIUM-SOFT"", ""MEDIUM-MEDIUM-HARD""]","[""MEDIUM-HARD"", ""MEDIUM-HARD-HARD"", ""MEDIUM-HARD-MEDIUM"", ""MEDIUM-SOFT"", ""MEDIUM-MEDIUM-HARD""]"
2025R16,Monza,LAW,18,1,SOFT-HARD,[9],1,MEDIUM-HARD,[22],0,0,1,0,0,1,13,[13],"[""MEDIUM-HARD"", ""MEDIUM-HARD-HARD"", ""MEDIUM-HARD-MEDIUM"", ""MEDIUM-SOFT"", ""MEDIUM-MEDIUM-HARD""]","[""MEDIUM-HARD"", ""MEDIUM-HARD-HARD"", ""MEDIUM-HARD-MEDIUM"", ""MEDIUM-SOFT"", ""MEDIUM-MEDIUM-HARD""]"
2025R16,Monza,HAD,19,1,HARD-MEDIUM,[32],1,MEDIUM-HARD,[22],1,0,1,1,0,1,10,[10],"[""MEDIUM-HARD"", ""MEDIUM-HARD-HARD"", ""MEDIUM-HARD-MEDIUM"", ""MEDIUM-SOFT"", ""MEDIUM-MEDIUM-HARD""]","[""MEDIUM-HARD"", ""MEDIUM-HARD-HARD"", ""MEDIUM-HARD-MEDIUM"", ""MEDIUM-SOFT"", ""MEDIUM-MEDIUM-HARD""]"
2025R16,Monza,GAS,20,0,HARD,[],1,MEDIUM-HARD,[22],0,0,0,0,0,0,,,"[""MEDIUM-HARD"", ""MEDIUM-HARD-HARD"", ""MEDIUM-HARD-MEDIUM"", ""MEDIUM-SOFT"", ""MEDIUM-MEDIUM-HARD""]","[""MEDIUM-HARD"", ""MEDIUM-HARD-HARD"", ""MEDIUM-HARD-MEDIUM"", ""MEDIUM-SOFT"", ""MEDIUM-MEDIUM-HARD""]"
2025R15,Zandvoort,PIA,1,2,MEDIUM-HARD-HARD,"[23, 53]",1,MEDIUM-HARD,[31],0,0,0,0,0,1,,,"[""MEDIUM-HARD"", ""MEDIUM-SOFT"", ""MEDIUM-HARD-MEDIUM"", ""SOFT-HARD"", ""SOFT-MEDIUM-HARD""]","[""MEDIUM-HARD"", ""MEDIUM-SOFT"", ""MEDIUM-HARD-MEDIUM"", ""SOFT-HARD"", ""SOFT-MEDIUM-HARD""]"
2025R15,Zandvoort,NOR,2,2,MEDIUM-HARD-HARD,"[23, 53]",1,MEDIUM-HARD,[31],0,0,0,0,0,1,,,"[""MEDIUM-HARD"", ""MEDIUM-SOFT"", ""MEDIUM-HARD-MEDIUM"", ""SOFT-HARD"", ""SOFT-MEDIUM-HARD""]","[""MEDIUM-HARD"", ""MEDIUM-SOFT"", ""MEDIUM-HARD-MEDIUM"", ""SOFT-HARD"", ""SOFT-MEDIUM-HARD""]"
2025R15,Zandvoort,VER,3,2,SOFT-MEDIUM-SOFT,"[23, 53]",1,MEDIUM-HARD,[31],0,0,0,0,0,1,,,"[""MEDIUM-HARD"", ""MEDIUM-SOFT"", ""MEDIUM-HARD-MEDIUM"", ""SOFT-HARD"", ""SOFT-MEDIUM-HARD""]","[""MEDIUM-HARD"", ""MEDIUM-SOFT"", ""MEDIUM-HARD-MEDIUM"", ""SOFT-HARD"", ""SOFT-MEDIUM-HARD""]"
2025R15,Zandvoort,HAD,4,2,MEDIUM-HARD-SOFT,"[23, 53]",1,MEDIUM-HARD,[31],0,0,0,1,0,1,,,"[""MEDIUM-HARD"", ""MEDIUM-SOFT"", ""MEDIUM-HARD-MEDIUM"", ""SOFT-HARD"", ""SOFT-MEDIUM-HARD""]","[""MEDIUM-HARD"", ""MEDIUM-SOFT"", ""MEDIUM-HARD-MEDIUM"", ""SOFT-HARD"", ""SOFT-MEDIUM-HARD""]"
2025R15,Zandvoort,RUS,5,2,MEDIUM-HARD-SOFT,"[23, 53]",1,MEDIUM-HARD,[31],0,0,0,1,0,1,,,"[""MEDIUM-HARD"", ""MEDIUM-SOFT"", ""MEDIUM-HARD-MEDIUM"", ""SOFT-HARD"", ""SOFT-MEDIUM-HARD""]","[""MEDIUM-HARD"", ""MEDIUM-SOFT"", ""MEDIUM-HARD-MEDIUM"", ""SOFT-HARD"", ""SOFT-MEDIUM-HARD""]"
2025R15,Zandvoort,LAW,8,2,MEDIUM-SOFT-SOFT,"[23, 52]",1,MEDIUM-HARD,[31],0,0,0,0,0,1,,,"[""MEDIUM-HARD"", ""MEDIUM-SOFT"", ""MEDIUM-HARD-MEDIUM"", ""SOFT-HARD"", ""SOFT-MEDIUM-HARD""]","[""MEDIUM-HARD"", ""MEDIUM-SOFT"", ""MEDIUM-HARD-MEDIUM"", ""SOFT-HARD"", ""SOFT-MEDIUM-HARD""]"
2025R15,Zandvoort,SAI,9,3,MEDIUM-SOFT-SOFT-SOFT,"[23, 51, 65]",1,MEDIUM-HARD,[31],0,0,0,0,0,1,,,"[""MEDIUM-HARD"", ""MEDIUM-SOFT"", ""MEDIUM-HARD-MEDIUM"", ""SOFT-HARD"", ""SOFT-MEDIUM-HARD""]","[""MEDIUM-HARD"", ""MEDIUM-SOFT"", ""MEDIUM-HARD-MEDIUM"", ""SOFT-HARD"", ""SOFT-MEDIUM-HARD""]"
2025R15,Zandvoort,ALO,10,2,MEDIUM-HARD-HARD,"[18, 40]",1,MEDIUM-HARD,[31],0,0,0,0,0,1,,,"[""MEDIUM-HARD"", ""MEDIUM-SOFT"", ""MEDIUM-HARD-MEDIUM"", ""SOFT-HARD"", ""SOFT-MEDIUM-HARD""]","[""MEDIUM-HARD"", ""MEDIUM-SOFT"", ""MEDIUM-HARD-MEDIUM"", ""SOFT-HARD"", ""SOFT-MEDIUM-HARD""]"
2025R15,Zandvoort,ANT,11,2,MEDIUM-HARD-SOFT,"[23, 51]",1,MEDIUM-HARD,[31],0,0,0,1,0,1,,,"[""MEDIUM-HARD"", ""MEDIUM-SOFT"", ""MEDIUM-HARD-MEDIUM"", ""SOFT-HARD"", ""SOFT-MEDIUM-HARD""]","[""MEDIUM-HARD"", ""MEDIUM-SOFT"", ""MEDIUM-HARD-MEDIUM"", ""SOFT-HARD"", ""SOFT-MEDIUM-HARD""]"
2025R15,Zandvoort,TSU,12,2,SOFT-HARD-SOFT,"[19, 53]",1,MEDIUM-HARD,[31],0,0,0,0,0,1,,,"[""MEDIUM-HARD"", ""MEDIUM-SOFT"", ""MEDIUM-HARD-MEDIUM"", ""SOFT-HARD"", ""SOFT-MEDIUM-HARD""]","[""MEDIUM-HARD"", ""MEDIUM-SOFT"", ""MEDIUM-HARD-MEDIUM"", ""SOFT-HARD"", ""SOFT-MEDIUM-HARD""]"
2025R15,Zandvoort,BOR,13,2,MEDIUM-HARD-SOFT,"[22, 60]",1,MEDIUM-HARD,[31],0,0,0,1,0,1,,,"[""MEDIUM-HARD"", ""MEDIUM-SOFT"", ""MEDIUM-HARD-MEDIUM"", ""SOFT-HARD"", ""SOFT-MEDIUM-HARD""]","[""MEDIUM-HARD"", ""MEDIUM-SOFT"", ""MEDIUM-HARD-MEDIUM"", ""SOFT-HARD"", ""SOFT-MEDIUM-HARD""]"
2025R15,Zandvoort,GAS,14,1,MEDIUM-HARD,[23],1,MEDIUM-HARD,[31],1,1,1,1,1,1,8,[8],"[""MEDIUM-HARD"", ""MEDIUM-SOFT"", ""MEDIUM-HARD-MEDIUM"", ""SOFT-HARD"", ""SOFT-MEDIUM-HARD""]","[""MEDIUM-HARD"", ""MEDIUM-SOFT"", ""MEDIUM-HARD-MEDIUM"", ""SOFT-HARD"", ""SOFT-MEDIUM-HARD""]"
2025R15,Zandvoort,ALB,15,2,MEDIUM-HARD-SOFT,"[23, 53]",1,MEDIUM-HARD,[31],0,0,0,1,0,1,,,"[""MEDIUM-HARD"", ""MEDIUM-SOFT"", ""MEDIUM-HARD-MEDIUM"", ""SOFT-HARD"", ""SOFT-MEDIUM-HARD""]","[""MEDIUM-HARD"", ""MEDIUM-SOFT"", ""MEDIUM-HARD-MEDIUM"", ""SOFT-HARD"", ""SOFT-MEDIUM-HARD""]"
2025R15,Zandvoort,COL,16,3,SOFT-HARD-MEDIUM-SOFT,"[19, 53, 65]",1,MEDIUM-HARD,[31],0,0,0,0,0,1,,,"[""MEDIUM-HARD"", ""MEDIUM-SOFT"", ""MEDIUM-HARD-MEDIUM"", ""SOFT-HARD"", ""SOFT-MEDIUM-HARD""]","[""MEDIUM-HARD"", ""MEDIUM-SOFT"", ""MEDIUM-HARD-MEDIUM"", ""SOFT-HARD"", ""SOFT-MEDIUM-HARD""]"
2025R15,Zandvoort,HUL,17,2,SOFT-HARD-MEDIUM,"[19, 53]",1,MEDIUM-HARD,[31],0,0,0,1,0,1,,,"[""MEDIUM-HARD"", ""MEDIUM-SOFT"", ""MEDIUM-HARD-MEDIUM"", ""SOFT-HARD"", ""SOFT-MEDIUM-HARD""]","[""MEDIUM-HARD"", ""MEDIUM-SOFT"", ""MEDIUM-HARD-MEDIUM"", ""SOFT-HARD"", ""SOFT-MEDIUM-HARD""]"
2025R15,Zandvoort,OCO,18,1,HARD-MEDIUM,[52],1,MEDIUM-HARD,[31],1,0,1,1,0,1,21,[21],"[""MEDIUM-HARD"", ""MEDIUM-SOFT"", ""MEDIUM-HARD-MEDIUM"", ""SOFT-HARD"", ""SOFT-MEDIUM-HARD""]","[""MEDIUM-HARD"", ""MEDIUM-SOFT"", ""MEDIUM-HARD-MEDIUM"", ""SOFT-HARD"", ""SOFT-MEDIUM-HARD""]"
2025R15,Zandvoort,STR,19,2,MEDIUM-HARD-HARD,"[8, 52]",1,MEDIUM-HARD,[31],0,0,0,0,0,1,,,"[""MEDIUM-HARD"", ""MEDIUM-SOFT"", ""MEDIUM-HARD-MEDIUM"", ""SOFT-HARD"", ""SOFT-MEDIUM-HARD""]","[""MEDIUM-HARD"", ""MEDIUM-SOFT"", ""MEDIUM-HARD-MEDIUM"", ""SOFT-HARD"", ""SOFT-MEDIUM-HARD""]"
2025R15,Zandvoort,BEA,20,1,HARD-MEDIUM,[53],1,MEDIUM-HARD,[31],1,0,1,1,0,1,22,[22],"[""MEDIUM-HARD"", ""MEDIUM-SOFT"", ""MEDIUM-HARD-MEDIUM"", ""SOFT-HARD"", ""SOFT-MEDIUM-HARD""]","[""MEDIUM-HARD"", ""MEDIUM-SOFT"", ""MEDIUM-HARD-MEDIUM"", ""SOFT-HARD"", ""SOFT-MEDIUM-HARD""]"
2025R14,Budapest,LEC,1,2,MEDIUM-HARD-HARD,"[19, 40]",2,MEDIUM-HARD-HARD,"[18, 43]",1,1,1,1,1,1,1,"[1, 3]","[""MEDIUM-HARD-HARD"", ""MEDIUM-HARD-MEDIUM"", ""MEDIUM-HARD"", ""SOFT-HARD-HARD"", ""SOFT-MEDIUM-HARD""]","[""MEDIUM-HARD-HARD"", ""MEDIUM-HARD-MEDIUM"", ""MEDIUM-HARD"", ""SOFT-HARD-HARD"", ""SOFT-MEDIUM-HARD""]"
2025R14,Budapest,PIA,2,2,MEDIUM-HARD-HARD,"[18, 45]",2,MEDIUM-HARD-HARD,"[18, 43]",1,1,1,1,1,1,0,"[0, 2]","[""MEDIUM-HARD-HARD"", ""MEDIUM-HARD-MEDIUM"", ""MEDIUM-HARD"", ""SOFT-HARD-HARD"", ""SOFT-MEDIUM-HARD""]","[""MEDIUM-HARD-HARD"", ""MEDIUM-HARD-MEDIUM"", ""MEDIUM-HARD"", ""SOFT-HARD-HARD"", ""SOFT-MEDIUM-HARD""]"
2025R14,Budapest,NOR,3,1,MEDIUM-HARD,[31],2,MEDIUM-HARD-HARD,"[18, 43]",0,0,0,1,1,1,,,"[""MEDIUM-HARD-HARD"", ""MEDIUM-HARD-MEDIUM"", ""MEDIUM-HARD"", ""SOFT-HARD-HARD"", ""SOFT-MEDIUM-HARD""]","[""MEDIUM-HARD-HARD"", ""MEDIUM-HARD-MEDIUM"", ""MEDIUM-HARD"", ""SOFT-HARD-HARD"", ""SOFT-MEDIUM-HARD""]"
2025R14,Budapest,RUS,4,2,MEDIUM-HARD-HARD,"[19, 43]",2,MEDIUM-HARD-HARD,"[18, 43]",1,1,1,1,1,1,1,"[1, 0]","[""MEDIUM-HARD-HARD"", ""MEDIUM-HARD-MEDIUM"", ""MEDIUM-HARD"", ""SOFT-HARD-HARD"", ""SOFT-MEDIUM-HARD""]","[""MEDIUM-HARD-HARD"", ""MEDIUM-HARD-MEDIUM"", ""MEDIUM-HARD"", ""SOFT-HARD-HARD"", ""SOFT-MEDIUM-HARD""]"
2025R14,Budapest,ALO,5,1,MEDIUM-HARD,[39],2,MEDIUM-HARD-HARD,"[18, 43]",0,0,0,1,1,1,,,"[""MEDIUM-HARD-HARD"", ""MEDIUM-HARD-MEDIUM"", ""MEDIUM-HARD"", ""SOFT-HARD-HARD"", ""SOFT-MEDIUM-HARD""]","[""MEDIUM-HARD-HARD"", ""MEDIUM-HARD-MEDIUM"", ""MEDIUM-HARD"", ""SOFT-HARD-HARD"", ""SOFT-MEDIUM-HARD""]"
2025R14,Budapest,STR,6,1,MEDIUM-HARD,[36],2,MEDIUM-HARD-HARD,"[18, 43]",0,0,0,1,1,1,,,"[""MEDIUM-HARD-HARD"", ""MEDIUM-HARD-MEDIUM"", ""MEDIUM-HARD"", ""SOFT-HARD-HARD"", ""SOFT-MEDIUM-HARD""]","[""MEDIUM-HARD-HARD"", ""MEDIUM-HARD-MEDIUM"", ""MEDIUM-HARD"", ""SOFT-HARD-HARD"", ""SOFT-MEDIUM-HARD""]"
2025R14,Budapest,BOR,7,1,MEDIUM-HARD,[40],2,MEDIUM-HARD-HARD,"[18, 43]",0,0,0,1,1,1,,,"[""MEDIUM-HARD-HARD"", ""MEDIUM-HARD-MEDIUM"", ""MEDIUM-HARD"", ""SOFT-HARD-HARD"", ""SOFT-MEDIUM-HARD""]","[""MEDIUM-HARD-HARD"", ""MEDIUM-HARD-MEDIUM"", ""MEDIUM-HARD"", ""SOFT-HARD-HARD"", ""SOFT-MEDIUM-HARD""]"
2025R14,Budapest,VER,8,2,MEDIUM-HARD-HARD,"[17, 48]",2,MEDIUM-HARD-HARD,"[18, 43]",1,1,1,1,1,1,1,"[1, 5]","[""MEDIUM-HARD-HARD"", ""MEDIUM-HARD-MEDIUM"", ""MEDIUM-HARD"", ""SOFT-HARD-HARD"", ""SOFT-MEDIUM-HARD""]","[""MEDIUM-HARD-HARD"", ""MEDIUM-HARD-MEDIUM"", ""MEDIUM-HARD"", ""SOFT-HARD-HARD"", ""SOFT-MEDIUM-HARD""]"
2025R14,Budapest,LAW,9,1,MEDIUM-HARD,[40],2,MEDIUM-HARD-HARD,"[18, 43]",0,0,0,1,1,1,,,"[""MEDIUM-HARD-HARD"", ""MEDIUM-HARD-MEDIUM"", ""MEDIUM-HARD"", ""SOFT-HARD-HARD"", ""SOFT-MEDIUM-HARD""]","[""MEDIUM-HARD-HARD"", ""MEDIUM-HARD-MEDIUM"", ""MEDIUM-HARD"", ""SOFT-HARD-HARD"", ""SOFT-MEDIUM-HARD""]"
2025R14,Budapest,HAD,10,1,MEDIUM-HARD,[33],2,MEDIUM-HARD-HARD,"[18, 43]",0,0,0,1,1,1,,,"[""MEDIUM-HARD-HARD"", ""MEDIUM-HARD-MEDIUM"", ""MEDIUM-HARD"", ""SOFT-HARD-HARD"", ""SOFT-MEDIUM-HARD""]","[""MEDIUM-HARD-HARD"", ""MEDIUM-HARD-MEDIUM"", ""MEDIUM-HARD"", ""SOFT-HARD-HARD"", ""SOFT-MEDIUM-HARD""]"
2025R14,Budapest,HAM,12,1,HARD-MEDIUM,[42],2,MEDIUM-HARD-HARD,"[18, 43]",0,0,0,1,0,1,,,"[""MEDIUM-HARD-HARD"", ""MEDIUM-HARD-MEDIUM"", ""MEDIUM-HARD"", ""SOFT-HARD-HARD"", ""SOFT-MEDIUM-HARD""]","[""MEDIUM-HARD-HARD"", ""MEDIUM-HARD-MEDIUM"", ""MEDIUM-HARD"", ""SOFT-HARD-HARD"", ""SOFT-MEDIUM-HARD""]"
2025R14,Budapest,SAI,13,2,SOFT-HARD-MEDIUM,"[15, 51]",2,MEDIUM-HARD-HARD,"[18, 43]",0,0,1,1,0,1,3,"[3, 8]","[""MEDIUM-HARD-HARD"", ""MEDIUM-HARD-MEDIUM"", ""MEDIUM-HARD"", ""SOFT-HARD-HARD"", ""SOFT-MEDIUM-HARD""]","[""MEDIUM-HARD-HARD"", ""MEDIUM-HARD-MEDIUM"", ""MEDIUM-HARD"", ""SOFT-HARD-HARD"", ""SOFT-MEDIUM-HARD""]"
2025R14,Budapest,COL,14,2,MEDIUM-HARD-HARD,"[13, 35]",2,MEDIUM-HARD-HARD,"[18, 43]",1,1,1,1,1,1,5,"[5, 8]","[""MEDIUM-HARD-HARD"", ""MEDIUM-HARD-MEDIUM"", ""MEDIUM-HARD"", ""SOFT-HARD-HARD"", ""SOFT-MEDIUM-HARD""]","[""MEDIUM-HARD-HARD"", ""MEDIUM-HARD-MEDIUM"", ""MEDIUM-HARD"", ""SOFT-HARD-HARD"", ""SOFT-MEDIUM-HARD""]"
2025R14,Budapest,ANT,15,1,MEDIUM-HARD,[21],2,MEDIUM-HARD-HARD,"[18, 43]",0,0,0,1,1,1,,,"[""MEDIUM-HARD-HARD"", ""MEDIUM-HARD-MEDIUM"", ""MEDIUM-HARD"", ""SOFT-HARD-HARD"", ""SOFT-MEDIUM-HARD""]","[""MEDIUM-HARD-HARD"", ""MEDIUM-HARD-MEDIUM"", ""MEDIUM-HARD"", ""SOFT-HARD-HARD"", ""SOFT-MEDIUM-HARD""]"
2025R14,Budapest,GAS,16,1,HARD-MEDIUM,[32],2,MEDIUM-HARD-HARD,"[18, 43]",0,0,0,1,0,1,,,"[""MEDIUM-HARD-HARD"", ""MEDIUM-HARD-MEDIUM"", ""MEDIUM-HARD"", ""SOFT-HARD-HARD"", ""SOFT-MEDIUM-HARD""]","[""MEDIUM-HARD-HARD"", ""MEDIUM-HARD-MEDIUM"", ""MEDIUM-HARD"", ""SOFT-HARD-HARD"", ""SOFT-MEDIUM-HARD""]"
2025R14,Budapest,OCO,17,1,MEDIUM-HARD,[14],2,MEDIUM-HARD-HARD,"[18, 43]",0,0,0,1,1,1,,,"[""MEDIUM-HARD-HARD"", ""MEDIUM-HARD-MEDIUM"", ""MEDIUM-HARD"", ""SOFT-HARD-HARD"", ""SOFT-MEDIUM-HARD""]","[""MEDIUM-HARD-HARD"", ""MEDIUM-HARD-MEDIUM"", ""MEDIUM-HARD"", ""SOFT-HARD-HARD"", ""SOFT-MEDIUM-HARD""]"
2025R14,Budapest,HUL,18,2,SOFT-MEDIUM-MEDIUM,"[5, 41]",2,MEDIUM-HARD-HARD,"[18, 43]",0,0,1,0,0,1,13,"[13, 2]","[""MEDIUM-HARD-HARD"", ""MEDIUM-HARD-MEDIUM"", ""MEDIUM-HARD"", ""SOFT-HARD-HARD"", ""SOFT-MEDIUM-HARD""]","[""MEDIUM-HARD-HARD"", ""MEDIUM-HARD-MEDIUM"", ""MEDIUM-HARD"", ""SOFT-HARD-HARD"", ""SOFT-MEDIUM-HARD""]"
2025R14,Budapest,ALB,19,2,SOFT-MEDIUM-HARD,"[14, 38]",2,MEDIUM-HARD-HARD,"[18, 43]",0,0,1,1,1,1,4,"[4, 5]","[""MEDIUM-HARD-HARD"", ""MEDIUM-HARD-MEDIUM"", ""MEDIUM-HARD"", ""SOFT-HARD-HARD"", ""SOFT-MEDIUM-HARD""]","[""MEDIUM-HARD-HARD"", ""MEDIUM-HARD-MEDIUM"", ""MEDIUM-HARD"", ""SOFT-HARD-HARD"", ""SOFT-MEDIUM-HARD""]"
2025R14,Budapest,TSU,20,2,MEDIUM-SOFT-HARD,"[20, 37]",2,MEDIUM-HARD-HARD,"[18, 43]",0,0,1,1,0,1,2,"[2, 6]","[""MEDIUM-HARD-HARD"", ""MEDIUM-HARD-MEDIUM"", ""MEDIUM-HARD"", ""SOFT-HARD-HARD"", ""SOFT-MEDIUM-HARD""]","[""MEDIUM-HARD-HARD"", ""MEDIUM-HARD-MEDIUM"", ""MEDIUM-HARD"", ""SOFT-HARD-HARD"", ""SOFT-MEDIUM-HARD""]"
2025R17,Baku,VER,1,1,HARD-MEDIUM,[40],1,MEDIUM-HARD,[12],1,0,1,1,0,1,28,[28],"[""MEDIUM-HARD"", ""MEDIUM-HARD-HARD"", ""MEDIUM-SOFT"", ""SOFT-HARD"", ""MEDIUM-HARD-MEDIUM""]","[""MEDIUM-HARD"", ""MEDIUM-HARD-HARD"", ""MEDIUM-SOFT"", ""SOFT-HARD"", ""MEDIUM-HARD-MEDIUM""]"
2025R17,Baku,SAI,2,1,MEDIUM-HARD,[27],1,MEDIUM-HARD,[12],1,1,1,1,1,1,15,[15],"[""MEDIUM-HARD"", ""MEDIUM-HARD-HARD"", ""MEDIUM-SOFT"", ""SOFT-HARD"", ""MEDIUM-HARD-MEDIUM""]","[""MEDIUM-HARD"", ""MEDIUM-HARD-HARD"", ""MEDIUM-SOFT"", ""SOFT-HARD"", ""MEDIUM-HARD-MEDIUM""]"
2025R17,Baku,LAW,3,1,MEDIUM-HARD,[20],1,MEDIUM-HARD,[12],1,1,1,1,1,1,8,[8],"[""MEDIUM-HARD"", ""MEDIUM-HARD-HARD"", ""MEDIUM-SOFT"", ""SOFT-HARD"", ""MEDIUM-HARD-MEDIUM""]","[""MEDIUM-HARD"", ""MEDIUM-HARD-HARD"", ""MEDIUM-SOFT"", ""SOFT-HARD"", ""MEDIUM-HARD-MEDIUM""]"
2025R17,Baku,ANT,4,1,MEDIUM-HARD,[18],1,MEDIUM-HARD,[12],1,1,1,1,1,1,6,[6],"[""MEDIUM-HARD"", ""MEDIUM-HARD-HARD"", ""MEDIUM-SOFT"", ""SOFT-HARD"", ""MEDIUM-HARD-MEDIUM""]","[""MEDIUM-HARD"", ""MEDIUM-HARD-HARD"", ""MEDIUM-SOFT"", ""SOFT-HARD"", ""MEDIUM-HARD-MEDIUM""]"
2025R17,Baku,RUS,5,1,HARD-MEDIUM,[39],1,MEDIUM-HARD,[12],1,0,1,1,0,1,27,[27],"[""MEDIUM-HARD"", ""MEDIUM-HARD-HARD"", ""MEDIUM-SOFT"", ""SOFT-HARD"", ""MEDIUM-HARD-MEDIUM""]","[""MEDIUM-HARD"", ""MEDIUM-HARD-HARD"", ""MEDIUM-SOFT"", ""SOFT-HARD"", ""MEDIUM-HARD-MEDIUM""]"
2025R17,Baku,TSU,6,1,HARD-MEDIUM,[38],1,MEDIUM-HARD,[12],1,0,1,1,0,1,26,[26],"[""MEDIUM-HARD"", ""MEDIUM-HARD-HARD"", ""MEDIUM-SOFT"", ""SOFT-HARD"", ""MEDIUM-HARD-MEDIUM""]","[""MEDIUM-HARD"", ""MEDIUM-HARD-HARD"", ""MEDIUM-SOFT"", ""SOFT-HARD"", ""MEDIUM-HARD-MEDIUM""]"
2025R17,Baku,NOR,7,1,MEDIUM-HARD,[37],1,MEDIUM-HARD,[12],1,1,1,1,1,1,25,[25],"[""MEDIUM-HARD"", ""MEDIUM-HARD-HARD"", ""MEDIUM-SOFT"", ""SOFT-HARD"", ""MEDIUM-HARD-MEDIUM""]","[""MEDIUM-HARD"", ""MEDIUM-HARD-HARD"", ""MEDIUM-SOFT"", ""SOFT-HARD"", ""MEDIUM-HARD-MEDIUM""]"
2025R17,Baku,HAD,8,1,MEDIUM-HARD,[29],1,MEDIUM-HARD,[12],1,1,1,1,1,1,17,[17],"[""MEDIUM-HARD"", ""MEDIUM-HARD-HARD"", ""MEDIUM-SOFT"", ""SOFT-HARD"", ""MEDIUM-HARD-MEDIUM""]","[""MEDIUM-HARD"", ""MEDIUM-HARD-HARD"", ""MEDIUM-SOFT"", ""SOFT-HARD"", ""MEDIUM-HARD-MEDIUM""]"
2025R17,Baku,LEC,10,1,MEDIUM-HARD,[19],1,MEDIUM-HARD,[12],1,1,1,1,1,1,7,[7],"[""MEDIUM-HARD"", ""MEDIUM-HARD-HARD"", ""MEDIUM-SOFT"", ""SOFT-HARD"", ""MEDIUM-HARD-MEDIUM""]","[""MEDIUM-HARD"", ""MEDIUM-HARD-HARD"", ""MEDIUM-SOFT"", ""SOFT-HARD"", ""MEDIUM-HARD-MEDIUM""]"
2025R17,Baku,ALO,11,1,MEDIUM-HARD,[21],1,MEDIUM-HARD,[12],1,1,1,1,1,1,9,[9],"[""MEDIUM-HARD"", ""MEDIUM-HARD-HARD"", ""MEDIUM-SOFT"", ""SOFT-HARD"", ""MEDIUM-HARD-MEDIUM""]","[""MEDIUM-HARD"", ""MEDIUM-HARD-HARD"", ""MEDIUM-SOFT"", ""SOFT-HARD"", ""MEDIUM-HARD-MEDIUM""]"
2025R17,Baku,HAM,12,1,HARD-MEDIUM,[36],1,MEDIUM-HARD,[12],1,0,1,1,0,1,24,[24],"[""MEDIUM-HARD"", ""MEDIUM-HARD-HARD"", ""MEDIUM-SOFT"", ""SOFT-HARD"", ""MEDIUM-HARD-MEDIUM""]","[""MEDIUM-HARD"", ""MEDIUM-HARD-HARD"", ""MEDIUM-SOFT"", ""SOFT-HARD"", ""MEDIUM-HARD-MEDIUM""]"
2025R17,Baku,BOR,13,1,HARD-MEDIUM,[26],1,MEDIUM-HARD,[12],1,0,1,1,0,1,14,[14],"[""MEDIUM-HARD"", ""MEDIUM-HARD-HARD"", ""MEDIUM-SOFT"", ""SOFT-HARD"", ""MEDIUM-HARD-MEDIUM""]","[""MEDIUM-HARD"", ""MEDIUM-HARD-HARD"", ""MEDIUM-SOFT"", ""SOFT-HARD"", ""MEDIUM-HARD-MEDIUM""]"
2025R17,Baku,STR,14,1,MEDIUM-HARD,[37],1,MEDIUM-HARD,[12],1,1,1,1,1,1,25,[25],"[""MEDIUM-HARD"", ""MEDIUM-HARD-HARD"", ""MEDIUM-SOFT"", ""SOFT-HARD"", ""MEDIUM-HARD-MEDIUM""]","[""MEDIUM-HARD"", ""MEDIUM-HARD-HARD"", ""MEDIUM-SOFT"", ""SOFT-HARD"", ""MEDIUM-HARD-MEDIUM""]"
2025R17,Baku,BEA,15,1,HARD-MEDIUM,[28],1,MEDIUM-HARD,[12],1,0,1,1,0,1,16,[16],"[""MEDIUM-HARD"", ""MEDIUM-HARD-HARD"", ""MEDIUM-SOFT"", ""SOFT-HARD"", ""MEDIUM-HARD-MEDIUM""]","[""MEDIUM-HARD"", ""MEDIUM-HARD-HARD"", ""MEDIUM-SOFT"", ""SOFT-HARD"", ""MEDIUM-HARD-MEDIUM""]"
2025R17,Baku,COL,16,1,MEDIUM-HARD,[16],1,MEDIUM-HARD,[12],1,1,1,1,1,1,4,[4],"[""MEDIUM-HARD"", ""MEDIUM-HARD-HARD"", ""MEDIUM-SOFT"", ""SOFT-HARD"", ""MEDIUM-HARD-MEDIUM""]","[""MEDIUM-HARD"", ""MEDIUM-HARD-HARD"", ""MEDIUM-SOFT"", ""SOFT-HARD"", ""MEDIUM-HARD-MEDIUM""]"
2025R17,Baku,HUL,17,1,HARD-MEDIUM,[36],1,MEDIUM-HARD,[12],1,0,1,1,0,1,24,[24],"[""MEDIUM-HARD"", ""MEDIUM-HARD-HARD"", ""MEDIUM-SOFT"", ""SOFT-HARD"", ""MEDIUM-HARD-MEDIUM""]","[""MEDIUM-HARD"", ""MEDIUM-HARD-HARD"", ""MEDIUM-SOFT"", ""SOFT-HARD"", ""MEDIUM-HARD-MEDIUM""]"
2025R17,Baku,GAS,18,1,HARD-MEDIUM,[35],1,MEDIUM-HARD,[12],1,0,1,1,0,1,23,[23],"[""MEDIUM-HARD"", ""MEDIUM-HARD-HARD"", ""MEDIUM-SOFT"", ""SOFT-HARD"", ""MEDIUM-HARD-MEDIUM""]","[""MEDIUM-HARD"", ""MEDIUM-HARD-HARD"", ""MEDIUM-SOFT"", ""SOFT-HARD"", ""MEDIUM-HARD-MEDIUM""]"
2025R17,Baku,ALB,19,1,MEDIUM-HARD,[15],1,MEDIUM-HARD,[12],1,1,1,1,1,1,3,[3],"[""MEDIUM-HARD"", ""MEDIUM-HARD-HARD"", ""MEDIUM-SOFT"", ""SOFT-HARD"", ""MEDIUM-HARD-MEDIUM""]","[""MEDIUM-HARD"", ""MEDIUM-HARD-HARD"", ""MEDIUM-SOFT"", ""SOFT-HARD"", ""MEDIUM-HARD-MEDIUM""]"
2025R17,Baku,OCO,20,0,HARD,[],1,MEDIUM-HARD,[12],0,0,0,0,0,0,,,"[""MEDIUM-HARD"", ""MEDIUM-HARD-HARD"", ""MEDIUM-SOFT"", ""SOFT-HARD"", ""MEDIUM-HARD-MEDIUM""]","[""MEDIUM-HARD"", ""MEDIUM-HARD-HARD"", ""MEDIUM-SOFT"", ""SOFT-HARD"", ""MEDIUM-HARD-MEDIUM""]"
2025R19,Austin,VER,1,1,MEDIUM-SOFT,[33],1,MEDIUM-HARD,[23],0,0,1,0,0,0,10,[10],"[""MEDIUM-HARD"", ""MEDIUM-HARD-HARD"", ""MEDIUM-HARD-MEDIUM"", ""MEDIUM-MEDIUM-HARD"", ""SOFT-HARD-HARD""]","[""MEDIUM-HARD"", ""MEDIUM-HARD-HARD"", ""MEDIUM-HARD-MEDIUM"", ""MEDIUM-MEDIUM-HARD"", ""SOFT-HARD-HARD""]"
2025R19,Austin,NOR,2,1,MEDIUM-SOFT,[32],1,MEDIUM-HARD,[23],0,0,1,0,0,0,9,[9],"[""MEDIUM-HARD"", ""MEDIUM-HARD-HARD"", ""MEDIUM-HARD-MEDIUM"", ""MEDIUM-MEDIUM-HARD"", ""SOFT-HARD-HARD""]","[""MEDIUM-HARD"", ""MEDIUM-HARD-HARD"", ""MEDIUM-HARD-MEDIUM"", ""MEDIUM-MEDIUM-HARD"", ""SOFT-HARD-HARD""]"
2025R19,Austin,LEC,3,1,SOFT-MEDIUM,[22],1,MEDIUM-HARD,[23],0,0,1,0,0,0,1,[1],"[""MEDIUM-HARD"", ""MEDIUM-HARD-HARD"", ""MEDIUM-HARD-MEDIUM"", ""MEDIUM-MEDIUM-HARD"", ""SOFT-HARD-HARD""]","[""MEDIUM-HARD"", ""MEDIUM-HARD-HARD"", ""MEDIUM-HARD-MEDIUM"", ""MEDIUM-MEDIUM-HARD"", ""SOFT-HARD-HARD""]"
2025R19,Austin,RUS,4,1,MEDIUM-SOFT,[33],1,MEDIUM-HARD,[23],0,0,1,0,0,0,10,[10],"[""MEDIUM-HARD"", ""MEDIUM-HARD-HARD"", ""MEDIUM-HARD-MEDIUM"", ""MEDIUM-MEDIUM-HARD"", ""SOFT-HARD-HARD""]","[""MEDIUM-HARD"", ""MEDIUM-HARD-HARD"", ""MEDIUM-HARD-MEDIUM"", ""MEDIUM-MEDIUM-HARD"", ""SOFT-HARD-HARD""]"
2025R19,Austin,HAM,5,1,MEDIUM-SOFT,[31],1,MEDIUM-HARD,[23],0,0,1,0,0,0,8,[8],"[""MEDIUM-HARD"", ""MEDIUM-HARD-HARD"", ""MEDIUM-HARD-MEDIUM"", ""MEDIUM-MEDIUM-HARD"", ""SOFT-HARD-HARD""]","[""MEDIUM-HARD"", ""MEDIUM-HARD-HARD"", ""MEDIUM-HARD-MEDIUM"", ""MEDIUM-MEDIUM-HARD"", ""SOFT-HARD-HARD""]"
2025R19,Austin,PIA,6,1,MEDIUM-SOFT,[30],1,MEDIUM-HARD,[23],0,0,1,0,0,0,7,[7],"[""MEDIUM-HARD"", ""MEDIUM-HARD-HARD"", ""MEDIUM-HARD-MEDIUM"", ""MEDIUM-MEDIUM-HARD"", ""SOFT-HARD-HARD""]","[""MEDIUM-HARD"", ""MEDIUM-HARD-HARD"", ""MEDIUM-HARD-MEDIUM"", ""MEDIUM-MEDIUM-HARD"", ""SOFT-HARD-HARD""]"
2025R19,Austin,ANT,7,1,MEDIUM-SOFT,[31],1,MEDIUM-HARD,[23],0,0,1,0,0,0,8,[8],"[""MEDIUM-HARD"", ""MEDIUM-HARD-HARD"", ""MEDIUM-HARD-MEDIUM"", ""MEDIUM-MEDIUM-HARD"", ""SOFT-HARD-HARD""]","[""MEDIUM-HARD"", ""MEDIUM-HARD-HARD"", ""MEDIUM-HARD-MEDIUM"", ""MEDIUM-MEDIUM-HARD"", ""SOFT-HARD-HARD""]"
2025R19,Austin,BEA,8,1,MEDIUM-SOFT,[30],1,MEDIUM-HARD,[23],0,0,1,0,0,0,7,[7],"[""MEDIUM-HARD"", ""MEDIUM-HARD-HARD"", ""MEDIUM-HARD-MEDIUM"", ""MEDIUM-MEDIUM-HARD"", ""SOFT-HARD-HARD""]","[""MEDIUM-HARD"", ""MEDIUM-HARD-HARD"", ""MEDIUM-HARD-MEDIUM"", ""MEDIUM-MEDIUM-HARD"", ""SOFT-HARD-HARD""]"
2025R19,Austin,ALO,10,1,MEDIUM-SOFT,[30],1,MEDIUM-HARD,[23],0,0,1,0,0,0,7,[7],"[""MEDIUM-HARD"", ""MEDIUM-HARD-HARD"", ""MEDIUM-HARD-MEDIUM"", ""MEDIUM-MEDIUM-HARD"", ""SOFT-HARD-HARD""]","[""MEDIUM-HARD"", ""MEDIUM-HARD-HARD"", ""MEDIUM-HARD-MEDIUM"", ""MEDIUM-MEDIUM-HARD"", ""SOFT-HARD-HARD""]"
2025R19,Austin,HUL,11,1,MEDIUM-SOFT,[33],1,MEDIUM-HARD,[23],0,0,1,0,0,0,10,[10],"[""MEDIUM-HARD"", ""MEDIUM-HARD-HARD"", ""MEDIUM-HARD-MEDIUM"", ""MEDIUM-MEDIUM-HARD"", ""SOFT-HARD-HARD""]","[""MEDIUM-HARD"", ""MEDIUM-HARD-HARD"", ""MEDIUM-HARD-MEDIUM"", ""MEDIUM-MEDIUM-HARD"", ""SOFT-HARD-HARD""]"
2025R19,Austin,LAW,12,1,MEDIUM-SOFT,[30],1,MEDIUM-HARD,[23],0,0,1,0,0,0,7,[7],"[""MEDIUM-HARD"", ""MEDIUM-HARD-HARD"", ""MEDIUM-HARD-MEDIUM"", ""MEDIUM-MEDIUM-HARD"", ""SOFT-HARD-HARD""]","[""MEDIUM-HARD"", ""MEDIUM-HARD-HARD"", ""MEDIUM-HARD-MEDIUM"", ""MEDIUM-MEDIUM-HARD"", ""SOFT-HARD-HARD""]"
2025R19,Austin,TSU,13,1,MEDIUM-SOFT,[29],1,MEDIUM-HARD,[23],0,0,1,0,0,0,6,[6],"[""MEDIUM-HARD"", ""MEDIUM-HARD-HARD"", ""MEDIUM-HARD-MEDIUM"", ""MEDIUM-MEDIUM-HARD"", ""SOFT-HARD-HARD""]","[""MEDIUM-HARD"", ""MEDIUM-HARD-HARD"", ""MEDIUM-HARD-MEDIUM"", ""MEDIUM-MEDIUM-HARD"", ""SOFT-HARD-HARD""]"
2025R19,Austin,GAS,14,1,MEDIUM-SOFT,[27],1,MEDIUM-HARD,[23],0,0,1,0,0,0,4,[4],"[""MEDIUM-HARD"", ""MEDIUM-HARD-HARD"", ""MEDIUM-HARD-MEDIUM"", ""MEDIUM-MEDIUM-HARD"", ""SOFT-HARD-HARD""]","[""MEDIUM-HARD"", ""MEDIUM-HARD-HARD"", ""MEDIUM-HARD-MEDIUM"", ""MEDIUM-MEDIUM-HARD"", ""SOFT-HARD-HARD""]"
2025R19,Austin,COL,15,1,MEDIUM-SOFT,[32],1,MEDIUM-HARD,[23],0,0,1,0,0,0,9,[9],"[""MEDIUM-HARD"", ""MEDIUM-HARD-HARD"", ""MEDIUM-HARD-MEDIUM"", ""MEDIUM-MEDIUM-HARD"", ""SOFT-HARD-HARD""]","[""MEDIUM-HARD"", ""MEDIUM-HARD-HARD"", ""MEDIUM-HARD-MEDIUM"", ""MEDIUM-MEDIUM-HARD"", ""SOFT-HARD-HARD""]"
2025R19,Austin,BOR,16,2,SOFT-MEDIUM-SOFT,"[14, 36]",1,MEDIUM-HARD,[23],0,0,0,0,0,1,,,"[""MEDIUM-HARD"", ""MEDIUM-HARD-HARD"", ""MEDIUM-HARD-MEDIUM"", ""MEDIUM-MEDIUM-HARD"", ""SOFT-HARD-HARD""]","[""MEDIUM-HARD"", ""MEDIUM-HARD-HARD"", ""MEDIUM-HARD-MEDIUM"", ""MEDIUM-MEDIUM-HARD"", ""SOFT-HARD-HARD""]"
2025R19,Austin,OCO,17,1,HARD-MEDIUM,[24],1,MEDIUM-HARD,[23],1,0,1,1,0,1,1,[1],"[""MEDIUM-HARD"", ""MEDIUM-HARD-HARD"", ""MEDIUM-HARD-MEDIUM"", ""MEDIUM-MEDIUM-HARD"", ""SOFT-HARD-HARD""]","[""MEDIUM-HARD"", ""MEDIUM-HARD-HARD"", ""MEDIUM-HARD-MEDIUM"", ""MEDIUM-MEDIUM-HARD"", ""SOFT-HARD-HARD""]"
2025R19,Austin,ALB,18,2,HARD-MEDIUM-SOFT,"[7, 36]",1,MEDIUM-HARD,[23],0,0,0,0,0,1,,,"[""MEDIUM-HARD"", ""MEDIUM-HARD-HARD"", ""MEDIUM-HARD-MEDIUM"", ""MEDIUM-MEDIUM-HARD"", ""SOFT-HARD-HARD""]","[""MEDIUM-HARD"", ""MEDIUM-HARD-HARD"", ""MEDIUM-HARD-MEDIUM"", ""MEDIUM-MEDIUM-HARD"", ""SOFT-HARD-HARD""]"
2025R19,Austin,STR,19,1,SOFT-MEDIUM,[28],1,MEDIUM-HARD,[23],0,0,1,0,0,0,5,[5],"[""MEDIUM-HARD"", ""MEDIUM-HARD-HARD"", ""MEDIUM-HARD-MEDIUM"", ""MEDIUM-MEDIUM-HARD"", ""SOFT-HARD-HARD""]","[""MEDIUM-HARD"", ""MEDIUM-HARD-HARD"", ""MEDIUM-HARD-MEDIUM"", ""MEDIUM-MEDIUM-HARD"", ""SOFT-HARD-HARD""]"
2025R19,Austin,HAD,20,1,HARD-SOFT,[28],1,MEDIUM-HARD,[23],0,0,1,0,0,1,5,[5],"[""MEDIUM-HARD"", ""MEDIUM-HARD-HARD"", ""MEDIUM-HARD-MEDIUM"", ""MEDIUM-MEDIUM-HARD"", ""SOFT-HARD-HARD""]","[""MEDIUM-HARD"", ""MEDIUM-HARD-HARD"", ""MEDIUM-HARD-MEDIUM"", ""MEDIUM-MEDIUM-HARD"", ""SOFT-HARD-HARD""]"
2025R22,Las Vegas,NOR,1,1,MEDIUM-HARD,[22],2,MEDIUM-HARD-HARD,"[14, 29]",0,0,0,1,1,1,,,"[""MEDIUM-HARD-HARD"", ""MEDIUM-HARD"", ""MEDIUM-HARD-MEDIUM"", ""MEDIUM-SOFT"", ""MEDIUM-SOFT-MEDIUM""]","[""MEDIUM-HARD-HARD"", ""MEDIUM-HARD"", ""MEDIUM-HARD-MEDIUM"", ""MEDIUM-SOFT"", ""MEDIUM-SOFT-MEDIUM""]"
2025R22,Las Vegas,VER,2,1,MEDIUM-HARD,[25],2,MEDIUM-HARD-HARD,"[14, 29]",0,0,0,1,1,1,,,"[""MEDIUM-HARD-HARD"", ""MEDIUM-HARD"", ""MEDIUM-HARD-MEDIUM"", ""MEDIUM-SOFT"", ""MEDIUM-SOFT-MEDIUM""]","[""MEDIUM-HARD-HARD"", ""MEDIUM-HARD"", ""MEDIUM-HARD-MEDIUM"", ""MEDIUM-SOFT"", ""MEDIUM-SOFT-MEDIUM""]"
2025R22,Las Vegas,SAI,3,1,MEDIUM-HARD,[22],2,MEDIUM-HARD-HARD,"[14, 29]",0,0,0,1,1,1,,,"[""MEDIUM-HARD-HARD"", ""MEDIUM-HARD"", ""MEDIUM-HARD-MEDIUM"", ""MEDIUM-SOFT"", ""MEDIUM-SOFT-MEDIUM""]","[""MEDIUM-HARD-HARD"", ""MEDIUM-HARD"", ""MEDIUM-HARD-MEDIUM"", ""MEDIUM-SOFT"", ""MEDIUM-SOFT-MEDIUM""]"
2025R22,Las Vegas,RUS,4,1,MEDIUM-HARD,[17],2,MEDIUM-HARD-HARD,"[14, 29]",0,0,0,1,1,1,,,"[""MEDIUM-HARD-HARD"", ""MEDIUM-HARD"", ""MEDIUM-HARD-MEDIUM"", ""MEDIUM-SOFT"", ""MEDIUM-SOFT-MEDIUM""]","[""MEDIUM-HARD-HARD"", ""MEDIUM-HARD"", ""MEDIUM-HARD-MEDIUM"", ""MEDIUM-SOFT"", ""MEDIUM-SOFT-MEDIUM""]"
2025R22,Las Vegas,PIA,5,1,MEDIUM-HARD,[21],2,MEDIUM-HARD-HARD,"[14, 29]",0,0,0,1,1,1,,,"[""MEDIUM-HARD-HARD"", ""MEDIUM-HARD"", ""MEDIUM-HARD-MEDIUM"", ""MEDIUM-SOFT"", ""MEDIUM-SOFT-MEDIUM""]","[""MEDIUM-HARD-HARD"", ""MEDIUM-HARD"", ""MEDIUM-HARD-MEDIUM"", ""MEDIUM-SOFT"", ""MEDIUM-SOFT-MEDIUM""]"
2025R22,Las Vegas,LAW,6,1,HARD-HARD,[28],2,MEDIUM-HARD-HARD,"[14, 29]",0,0,0,0,0,0,,,"[""MEDIUM-HARD-HARD"", ""MEDIUM-HARD"", ""MEDIUM-HARD-MEDIUM"", ""MEDIUM-SOFT"", ""MEDIUM-SOFT-MEDIUM""]","[""MEDIUM-HARD-HARD"", ""MEDIUM-HARD"", ""MEDIUM-HARD-MEDIUM"", ""MEDIUM-SOFT"", ""MEDIUM-SOFT-MEDIUM""]"
2025R22,Las Vegas,ALO,7,1,MEDIUM-HARD,[16],2,MEDIUM-HARD-HARD,"[14, 29]",0,0,0,1,1,1,,,"[""MEDIUM-HARD-HARD"", ""MEDIUM-HARD"", ""MEDIUM-HARD-MEDIUM"", ""MEDIUM-SOFT"", ""MEDIUM-SOFT-MEDIUM""]","[""MEDIUM-HARD-HARD"", ""MEDIUM-HARD"", ""MEDIUM-HARD-MEDIUM"", ""MEDIUM-SOFT"", ""MEDIUM-SOFT-MEDIUM""]"
2025R22,Las Vegas,HAD,8,1,MEDIUM-HARD,[20],2,MEDIUM-HARD-HARD,"[14, 29]",0,0,0,1,1,1,,,"[""MEDIUM-HARD-HARD"", ""MEDIUM-HARD"", ""MEDIUM-HARD-MEDIUM"", ""MEDIUM-SOFT"", ""MEDIUM-SOFT-MEDIUM""]","[""MEDIUM-HARD-HARD"", ""MEDIUM-HARD"", ""MEDIUM-HARD-MEDIUM"", ""MEDIUM-SOFT"", ""MEDIUM-SOFT-MEDIUM""]"
2025R22,Las Vegas,LEC,9,1,MEDIUM-HARD,[24],2,MEDIUM-HARD-HARD,"[14, 29]",0,0,0,1,1,1,,,"[""MEDIUM-HARD-HARD"", ""MEDIUM-HARD"", ""MEDIUM-HARD-MEDIUM"", ""MEDIUM-SOFT"", ""MEDIUM-SOFT-MEDIUM""]","[""MEDIUM-HARD-HARD"", ""MEDIUM-HARD"", ""MEDIUM-HARD-MEDIUM"", ""MEDIUM-SOFT"", ""MEDIUM-SOFT-MEDIUM""]"
2025R22,Las Vegas,GAS,10,0,HARD,[],2,MEDIUM-HARD-HARD,"[14, 29]",0,0,0,0,0,0,,,"[""MEDIUM-HARD-HARD"", ""MEDIUM-HARD"", ""MEDIUM-HARD-MEDIUM"", ""MEDIUM-SOFT"", ""MEDIUM-SOFT-MEDIUM""]","[""MEDIUM-HARD-HARD"", ""MEDIUM-HARD"", ""MEDIUM-HARD-MEDIUM"", ""MEDIUM-SOFT"", ""MEDIUM-SOFT-MEDIUM""]"
2025R22,Las Vegas,HUL,11,1,HARD-MEDIUM,[30],2,MEDIUM-HARD-HARD,"[14, 29]",0,0,0,1,0,1,,,"[""MEDIUM-HARD-HARD"", ""MEDIUM-HARD"", ""MEDIUM-HARD-MEDIUM"", ""MEDIUM-SOFT"", ""MEDIUM-SOFT-MEDIUM""]","[""MEDIUM-HARD-HARD"", ""MEDIUM-HARD"", ""MEDIUM-HARD-MEDIUM"", ""MEDIUM-SOFT"", ""MEDIUM-SOFT-MEDIUM""]"
2025R22,Las Vegas,OCO,13,1,MEDIUM-HARD,[27],2,MEDIUM-HARD-HARD,"[14, 29]",0,0,0,1,1,1,,,"[""MEDIUM-HARD-HARD"", ""MEDIUM-HARD"", ""MEDIUM-HARD-MEDIUM"", ""MEDIUM-SOFT"", ""MEDIUM-SOFT-MEDIUM""]","[""MEDIUM-HARD-HARD"", ""MEDIUM-HARD"", ""MEDIUM-HARD-MEDIUM"", ""MEDIUM-SOFT"", ""MEDIUM-SOFT-MEDIUM""]"
2025R22,Las Vegas,BEA,14,1,MEDIUM-HARD,[17],2,MEDIUM-HARD-HARD,"[14, 29]",0,0,0,1,1,1,,,"[""MEDIUM-HARD-HARD"", ""MEDIUM-HARD"", ""MEDIUM-HARD-MEDIUM"", ""MEDIUM-SOFT"", ""MEDIUM-SOFT-MEDIUM""]","[""MEDIUM-HARD-HARD"", ""MEDIUM-HARD"", ""MEDIUM-HARD-MEDIUM"", ""MEDIUM-SOFT"", ""MEDIUM-SOFT-MEDIUM""]"
2025R22,Las Vegas,COL,15,1,HARD-MEDIUM,[25],2,MEDIUM-HARD-HARD,"[14, 29]",0,0,0,1,0,1,,,"[""MEDIUM-HARD-HARD"", ""MEDIUM-HARD"", ""MEDIUM-HARD-MEDIUM"", ""MEDIUM-SOFT"", ""MEDIUM-SOFT-MEDIUM""]","[""MEDIUM-HARD-HARD"", ""MEDIUM-HARD"", ""MEDIUM-HARD-MEDIUM"", ""MEDIUM-SOFT"", ""MEDIUM-SOFT-MEDIUM""]"
2025R22,Las Vegas,ANT,17,0,HARD,[],2,MEDIUM-HARD-HARD,"[14, 29]",0,0,0,0,0,0,,,"[""MEDIUM-HARD-HARD"", ""MEDIUM-HARD"", ""MEDIUM-HARD-MEDIUM"", ""MEDIUM-SOFT"", ""MEDIUM-SOFT-MEDIUM""]","[""MEDIUM-HARD-HARD"", ""MEDIUM-HARD"", ""MEDIUM-HARD-MEDIUM"", ""MEDIUM-SOFT"", ""MEDIUM-SOFT-MEDIUM""]"
2025R22,Las Vegas,HAM,19,1,HARD-MEDIUM,[29],2,MEDIUM-HARD-HARD,"[14, 29]",0,0,0,1,0,1,,,"[""MEDIUM-HARD-HARD"", ""MEDIUM-HARD"", ""MEDIUM-HARD-MEDIUM"", ""MEDIUM-SOFT"", ""MEDIUM-SOFT-MEDIUM""]","[""MEDIUM-HARD-HARD"", ""MEDIUM-HARD"", ""MEDIUM-HARD-MEDIUM"", ""MEDIUM-SOFT"", ""MEDIUM-SOFT-MEDIUM""]"
2025R22,Las Vegas,TSU,20,1,HARD-MEDIUM,[27],2,MEDIUM-HARD-HARD,"[14, 29]",0,0,0,1,0,1,,,"[""MEDIUM-HARD-HARD"", ""MEDIUM-HARD"", ""MEDIUM-HARD-MEDIUM"", ""MEDIUM-SOFT"", ""MEDIUM-SOFT-MEDIUM""]","[""MEDIUM-HARD-HARD"", ""MEDIUM-HARD"", ""MEDIUM-HARD-MEDIUM"", ""MEDIUM-SOFT"", ""MEDIUM-SOFT-MEDIUM""]"
2025R21,São Paulo,NOR,1,2,MEDIUM-SOFT-MEDIUM,"[30, 50]",1,MEDIUM-HARD,[30],0,0,0,0,0,0,,,"[""MEDIUM-HARD"", ""MEDIUM-HARD-HARD"", ""MEDIUM-MEDIUM-HARD"", ""MEDIUM-SOFT"", ""SOFT-MEDIUM-SOFT""]","[""MEDIUM-HARD"", ""MEDIUM-HARD-HARD"", ""MEDIUM-MEDIUM-HARD"", ""MEDIUM-SOFT"", ""SOFT-MEDIUM-SOFT""]"
2025R21,São Paulo,ANT,2,2,SOFT-MEDIUM-MEDIUM,"[21, 47]",1,MEDIUM-HARD,[30],0,0,0,0,0,0,,,"[""MEDIUM-HARD"", ""MEDIUM-HARD-HARD"", ""MEDIUM-MEDIUM-HARD"", ""MEDIUM-SOFT"", ""SOFT-MEDIUM-SOFT""]","[""MEDIUM-HARD"", ""MEDIUM-HARD-HARD"", ""MEDIUM-MEDIUM-HARD"", ""MEDIUM-SOFT"", ""SOFT-MEDIUM-SOFT""]"
2025R21,São Paulo,PIA,4,2,MEDIUM-SOFT-MEDIUM,"[38, 51]",1,MEDIUM-HARD,[30],0,0,0,0,0,0,,,"[""MEDIUM-HARD"", ""MEDIUM-HARD-HARD"", ""MEDIUM-MEDIUM-HARD"", ""MEDIUM-SOFT"", ""SOFT-MEDIUM-SOFT""]","[""MEDIUM-HARD"", ""MEDIUM-HARD-HARD"", ""MEDIUM-MEDIUM-HARD"", ""MEDIUM-SOFT"", ""SOFT-MEDIUM-SOFT""]"
2025R21,São Paulo,HAD,5,2,SOFT-MEDIUM-MEDIUM,"[18, 37]",1,MEDIUM-HARD,[30],0,0,0,0,0,0,,,"[""MEDIUM-HARD"", ""MEDIUM-HARD-HARD"", ""MEDIUM-MEDIUM-HARD"", ""MEDIUM-SOFT"", ""SOFT-MEDIUM-SOFT""]","[""MEDIUM-HARD"", ""MEDIUM-HARD-HARD"", ""MEDIUM-MEDIUM-HARD"", ""MEDIUM-SOFT"", ""SOFT-MEDIUM-SOFT""]"
2025R21,São Paulo,RUS,6,2,MEDIUM-SOFT-MEDIUM,"[34, 48]",1,MEDIUM-HARD,[30],0,0,0,0,0,0,,,"[""MEDIUM-HARD"", ""MEDIUM-HARD-HARD"", ""MEDIUM-MEDIUM-HARD"", ""MEDIUM-SOFT"", ""SOFT-MEDIUM-SOFT""]","[""MEDIUM-HARD"", ""MEDIUM-HARD-HARD"", ""MEDIUM-MEDIUM-HARD"", ""MEDIUM-SOFT"", ""SOFT-MEDIUM-SOFT""]"
2025R21,São Paulo,LAW,7,1,SOFT-MEDIUM,[19],1,MEDIUM-HARD,[30],0,0,1,1,0,1,11,[11],"[""MEDIUM-HARD"", ""MEDIUM-HARD-HARD"", ""MEDIUM-MEDIUM-HARD"", ""MEDIUM-SOFT"", ""SOFT-MEDIUM-SOFT""]","[""MEDIUM-HARD"", ""MEDIUM-HARD-HARD"", ""MEDIUM-MEDIUM-HARD"", ""MEDIUM-SOFT"", ""SOFT-MEDIUM-SOFT""]"
2025R21,São Paulo,BEA,8,2,SOFT-MEDIUM-MEDIUM,"[17, 42]",1,MEDIUM-HARD,[30],0,0,0,0,0,0,,,"[""MEDIUM-HARD"", ""MEDIUM-HARD-HARD"", ""MEDIUM-MEDIUM-HARD"", ""MEDIUM-SOFT"", ""SOFT-MEDIUM-SOFT""]","[""MEDIUM-HARD"", ""MEDIUM-HARD-HARD"", ""MEDIUM-MEDIUM-HARD"", ""MEDIUM-SOFT"", ""SOFT-MEDIUM-SOFT""]"
2025R21,São Paulo,GAS,9,2,SOFT-MEDIUM-MEDIUM,"[18, 39]",1,MEDIUM-HARD,[30],0,0,0,0,0,0,,,"[""MEDIUM-HARD"", ""MEDIUM-HARD-HARD"", ""MEDIUM-MEDIUM-HARD"", ""MEDIUM-SOFT"", ""SOFT-MEDIUM-SOFT""]","[""MEDIUM-HARD"", ""MEDIUM-HARD-HARD"", ""MEDIUM-MEDIUM-HARD"", ""MEDIUM-SOFT"", ""SOFT-MEDIUM-SOFT""]"
2025R21,São Paulo,HUL,10,1,MEDIUM-SOFT,[36],1,MEDIUM-HARD,[30],0,0,1,1,1,1,6,[6],"[""MEDIUM-HARD"", ""MEDIUM-HARD-HARD"", ""MEDIUM-MEDIUM-HARD"", ""MEDIUM-SOFT"", ""SOFT-MEDIUM-SOFT""]","[""MEDIUM-HARD"", ""MEDIUM-HARD-HARD"", ""MEDIUM-MEDIUM-HARD"", ""MEDIUM-SOFT"", ""SOFT-MEDIUM-SOFT""]"
2025R21,São Paulo,ALO,11,2,HARD-MEDIUM-MEDIUM,"[28, 46]",1,MEDIUM-HARD,[30],0,0,0,1,0,1,,,"[""MEDIUM-HARD"", ""MEDIUM-HARD-HARD"", ""MEDIUM-MEDIUM-HARD"", ""MEDIUM-SOFT"", ""SOFT-MEDIUM-SOFT""]","[""MEDIUM-HARD"", ""MEDIUM-HARD-HARD"", ""MEDIUM-MEDIUM-HARD"", ""MEDIUM-SOFT"", ""SOFT-MEDIUM-SOFT""]"
2025R21,São Paulo,ALB,12,2,MEDIUM-SOFT-MEDIUM,"[35, 55]",1,MEDIUM-HARD,[30],0,0,0,0,0,0,,,"[""MEDIUM-HARD"", ""MEDIUM-HARD-HARD"", ""MEDIUM-MEDIUM-HARD"", ""MEDIUM-SOFT"", ""SOFT-MEDIUM-SOFT""]","[""MEDIUM-HARD"", ""MEDIUM-HARD-HARD"", ""MEDIUM-MEDIUM-HARD"", ""MEDIUM-SOFT"", ""SOFT-MEDIUM-SOFT""]"
2025R21,São Paulo,STR,14,2,HARD-MEDIUM-MEDIUM,"[29, 54]",1,MEDIUM-HARD,[30],0,0,0,1,0,1,,,"[""MEDIUM-HARD"", ""MEDIUM-HARD-HARD"", ""MEDIUM-MEDIUM-HARD"", ""MEDIUM-SOFT"", ""SOFT-MEDIUM-SOFT""]","[""MEDIUM-HARD"", ""MEDIUM-HARD-HARD"", ""MEDIUM-MEDIUM-HARD"", ""MEDIUM-SOFT"", ""SOFT-MEDIUM-SOFT""]"
2025R21,São Paulo,SAI,15,2,SOFT-MEDIUM-MEDIUM,"[17, 38]",1,MEDIUM-HARD,[30],0,0,0,0,0,0,,,"[""MEDIUM-HARD"", ""MEDIUM-HARD-HARD"", ""MEDIUM-MEDIUM-HARD"", ""MEDIUM-SOFT"", ""SOFT-MEDIUM-SOFT""]","[""MEDIUM-HARD"", ""MEDIUM-HARD-HARD"", ""MEDIUM-MEDIUM-HARD"", ""MEDIUM-SOFT"", ""SOFT-MEDIUM-SOFT""]"
2025R21,São Paulo,COL,16,2,MEDIUM-SOFT-MEDIUM,"[29, 43]",1,MEDIUM-HARD,[30],0,0,0,0,0,0,,,"[""MEDIUM-HARD"", ""MEDIUM-HARD-HARD"", ""MEDIUM-MEDIUM-HARD"", ""MEDIUM-SOFT"", ""SOFT-MEDIUM-SOFT""]","[""MEDIUM-HARD"", ""MEDIUM-HARD-HARD"", ""MEDIUM-MEDIUM-HARD"", ""MEDIUM-SOFT"", ""SOFT-MEDIUM-SOFT""]"
2025R21,São Paulo,TSU,17,2,MEDIUM-MEDIUM-MEDIUM,"[24, 47]",1,MEDIUM-HARD,[30],0,0,0,0,0,0,,,"[""MEDIUM-HARD"", ""MEDIUM-HARD-HARD"", ""MEDIUM-MEDIUM-HARD"", ""MEDIUM-SOFT"", ""SOFT-MEDIUM-SOFT""]","[""MEDIUM-HARD"", ""MEDIUM-HARD-HARD"", ""MEDIUM-MEDIUM-HARD"", ""MEDIUM-SOFT"", ""SOFT-MEDIUM-SOFT""]"
2025R21,São Paulo,VER,19,3,HARD-MEDIUM-MEDIUM-SOFT,"[7, 34, 54]",1,MEDIUM-HARD,[30],0,0,0,0,0,1,,,"[""MEDIUM-HARD"", ""MEDIUM-HARD-HARD"", ""MEDIUM-MEDIUM-HARD"", ""MEDIUM-SOFT"", ""SOFT-MEDIUM-SOFT""]","[""MEDIUM-HARD"", ""MEDIUM-HARD-HARD"", ""MEDIUM-MEDIUM-HARD"", ""MEDIUM-SOFT"", ""SOFT-MEDIUM-SOFT""]"
2025R21,São Paulo,OCO,20,2,HARD-MEDIUM-MEDIUM,"[8, 47]",1,MEDIUM-HARD,[30],0,0,0,1,0,1,,,"[""MEDIUM-HARD"", ""MEDIUM-HARD-HARD"", ""MEDIUM-MEDIUM-HARD"", ""MEDIUM-SOFT"", ""SOFT-MEDIUM-SOFT""]","[""MEDIUM-HARD"", ""MEDIUM-HARD-HARD"", ""MEDIUM-MEDIUM-HARD"", ""MEDIUM-SOFT"", ""SOFT-MEDIUM-SOFT""]"
2025R23,Lusail,PIA,1,2,MEDIUM-MEDIUM-HARD,"[24, 42]",2,MEDIUM-HARD-HARD,"[21, 39]",0,0,1,1,1,1,3,"[3, 3]","[""MEDIUM-HARD-HARD"", ""MEDIUM-HARD-MEDIUM"", ""MEDIUM-MEDIUM-HARD-MEDIUM"", ""MEDIUM-MEDIUM-HARD"", ""MEDIUM-HARD-HARD-MEDIUM""]","[""MEDIUM-HARD-HARD"", ""MEDIUM-HARD-MEDIUM"", ""MEDIUM-MEDIUM-HARD-MEDIUM"", ""MEDIUM-MEDIUM-HARD"", ""MEDIUM-HARD-HARD-MEDIUM""]"
2025R23,Lusail,NOR,2,2,MEDIUM-MEDIUM-HARD,"[25, 44]",2,MEDIUM-HARD-HARD,"[21, 39]",0,0,1,1,1,1,4,"[4, 5]","[""MEDIUM-HARD-HARD"", ""MEDIUM-HARD-MEDIUM"", ""MEDIUM-MEDIUM-HARD-MEDIUM"", ""MEDIUM-MEDIUM-HARD"", ""MEDIUM-HARD-HARD-MEDIUM""]","[""MEDIUM-HARD-HARD"", ""MEDIUM-HARD-MEDIUM"", ""MEDIUM-MEDIUM-HARD-MEDIUM"", ""MEDIUM-MEDIUM-HARD"", ""MEDIUM-HARD-HARD-MEDIUM""]"
2025R23,Lusail,VER,3,2,MEDIUM-MEDIUM-HARD,"[7, 32]",2,MEDIUM-HARD-HARD,"[21, 39]",0,0,1,1,1,1,14,"[14, 7]","[""MEDIUM-HARD-HARD"", ""MEDIUM-HARD-MEDIUM"", ""MEDIUM-MEDIUM-HARD-MEDIUM"", ""MEDIUM-MEDIUM-HARD"", ""MEDIUM-HARD-HARD-MEDIUM""]","[""MEDIUM-HARD-HARD"", ""MEDIUM-HARD-MEDIUM"", ""MEDIUM-MEDIUM-HARD-MEDIUM"", ""MEDIUM-MEDIUM-HARD"", ""MEDIUM-HARD-HARD-MEDIUM""]"
2025R23,Lusail,RUS,4,2,MEDIUM-MEDIUM-HARD,"[7, 32]",2,MEDIUM-HARD-HARD,"[21, 39]",0,0,1,1,1,1,14,"[14, 7]","[""MEDIUM-HARD-HARD"", ""MEDIUM-HARD-MEDIUM"", ""MEDIUM-MEDIUM-HARD-MEDIUM"", ""MEDIUM-MEDIUM-HARD"", ""MEDIUM-HARD-HARD-MEDIUM""]","[""MEDIUM-HARD-HARD"", ""MEDIUM-HARD-MEDIUM"", ""MEDIUM-MEDIUM-HARD-MEDIUM"", ""MEDIUM-MEDIUM-HARD"", ""MEDIUM-HARD-HARD-MEDIUM""]"
2025R23,Lusail,ANT,5,2,MEDIUM-MEDIUM-HARD,"[7, 32]",2,MEDIUM-HARD-HARD,"[21, 39]",0,0,1,1,1,1,14,"[14, 7]","[""MEDIUM-HARD-HARD"", ""MEDIUM-HARD-MEDIUM"", ""MEDIUM-MEDIUM-HARD-MEDIUM"", ""MEDIUM-MEDIUM-HARD"", ""MEDIUM-HARD-HARD-MEDIUM""]","[""MEDIUM-HARD-HARD"", ""MEDIUM-HARD-MEDIUM"", ""MEDIUM-MEDIUM-HARD-MEDIUM"", ""MEDIUM-MEDIUM-HARD"", ""MEDIUM-HARD-HARD-MEDIUM""]"
2025R23,Lusail,HAD,6,2,MEDIUM-MEDIUM-HARD,"[7, 32]",2,MEDIUM-HARD-HARD,"[21, 39]",0,0,1,1,1,1,14,"[14, 7]","[""MEDIUM-HARD-HARD"", ""MEDIUM-HARD-MEDIUM"", ""MEDIUM-MEDIUM-HARD-MEDIUM"", ""MEDIUM-MEDIUM-HARD"", ""MEDIUM-HARD-HARD-MEDIUM""]","[""MEDIUM-HARD-HARD"", ""MEDIUM-HARD-MEDIUM"", ""MEDIUM-MEDIUM-HARD-MEDIUM"", ""MEDIUM-MEDIUM-HARD"", ""MEDIUM-HARD-HARD-MEDIUM""]"
2025R23,Lusail,SAI,7,2,MEDIUM-MEDIUM-HARD,"[7, 32]",2,MEDIUM-HARD-HARD,"[21, 39]",0,0,1,1,1,1,14,"[14, 7]","[""MEDIUM-HARD-HARD"", ""MEDIUM-HARD-MEDIUM"", ""MEDIUM-MEDIUM-HARD-MEDIUM"", ""MEDIUM-MEDIUM-HARD"", ""MEDIUM-HARD-HARD-MEDIUM""]","[""MEDIUM-HARD-HARD"", ""MEDIUM-HARD-MEDIUM"", ""MEDIUM-MEDIUM-HARD-MEDIUM"", ""MEDIUM-MEDIUM-HARD"", ""MEDIUM-HARD-HARD-MEDIUM""]"
2025R23,Lusail,ALO,8,2,MEDIUM-MEDIUM-HARD,"[7, 32]",2,MEDIUM-HARD-HARD,"[21, 39]",0,0,1,1,1,1,14,"[14, 7]","[""MEDIUM-HARD-HARD"", ""MEDIUM-HARD-MEDIUM"", ""MEDIUM-MEDIUM-HARD-MEDIUM"", ""MEDIUM-MEDIUM-HARD"", ""MEDIUM-HARD-HARD-MEDIUM""]","[""MEDIUM-HARD-HARD"", ""MEDIUM-HARD-MEDIUM"", ""MEDIUM-MEDIUM-HARD-MEDIUM"", ""MEDIUM-MEDIUM-HARD"", ""MEDIUM-HARD-HARD-MEDIUM""]"
2025R23,Lusail,GAS,9,2,MEDIUM-HARD-MEDIUM,"[7, 32]",2,MEDIUM-HARD-HARD,"[21, 39]",0,0,1,1,1,1,14,"[14, 7]","[""MEDIUM-HARD-HARD"", ""MEDIUM-HARD-MEDIUM"", ""MEDIUM-MEDIUM-HARD-MEDIUM"", ""MEDIUM-MEDIUM-HARD"", ""MEDIUM-HARD-HARD-MEDIUM""]","[""MEDIUM-HARD-HARD"", ""MEDIUM-HARD-MEDIUM"", ""MEDIUM-MEDIUM-HARD-MEDIUM"", ""MEDIUM-MEDIUM-HARD"", ""MEDIUM-HARD-HARD-MEDIUM""]"
2025R23,Lusail,LEC,10,2,MEDIUM-MEDIUM-HARD,"[7, 32]",2,MEDIUM-HARD-HARD,"[21, 39]",0,0,1,1,1,1,14,"[14, 7]","[""MEDIUM-HARD-HARD"", ""MEDIUM-HARD-MEDIUM"", ""MEDIUM-MEDIUM-HARD-MEDIUM"", ""MEDIUM-MEDIUM-HARD"", ""MEDIUM-HARD-HARD-MEDIUM""]","[""MEDIUM-HARD-HARD"", ""MEDIUM-HARD-MEDIUM"", ""MEDIUM-MEDIUM-HARD-MEDIUM"", ""MEDIUM-MEDIUM-HARD"", ""MEDIUM-HARD-HARD-MEDIUM""]"
2025R23,Lusail,LAW,12,2,MEDIUM-MEDIUM-HARD,"[7, 32]",2,MEDIUM-HARD-HARD,"[21, 39]",0,0,1,1,1,1,14,"[14, 7]","[""MEDIUM-HARD-HARD"", ""MEDIUM-HARD-MEDIUM"", ""MEDIUM-MEDIUM-HARD-MEDIUM"", ""MEDIUM-MEDIUM-HARD"", ""MEDIUM-HARD-HARD-MEDIUM""]","[""MEDIUM-HARD-HARD"", ""MEDIUM-HARD-MEDIUM"", ""MEDIUM-MEDIUM-HARD-MEDIUM"", ""MEDIUM-MEDIUM-HARD"", ""MEDIUM-HARD-HARD-MEDIUM""]"
2025R23,Lusail,ALB,14,2,HARD-MEDIUM-MEDIUM,"[7, 32]",2,MEDIUM-HARD-HARD,"[21, 39]",0,0,1,1,0,1,14,"[14, 7]","[""MEDIUM-HARD-HARD"", ""MEDIUM-HARD-MEDIUM"", ""MEDIUM-MEDIUM-HARD-MEDIUM"", ""MEDIUM-MEDIUM-HARD"", ""MEDIUM-HARD-HARD-MEDIUM""]","[""MEDIUM-HARD-HARD"", ""MEDIUM-HARD-MEDIUM"", ""MEDIUM-MEDIUM-HARD-MEDIUM"", ""MEDIUM-MEDIUM-HARD"", ""MEDIUM-HARD-HARD-MEDIUM""]"
2025R23,Lusail,TSU,15,2,MEDIUM-MEDIUM-HARD,"[7, 32]",2,MEDIUM-HARD-HARD,"[21, 39]",0,0,1,1,1,1,14,"[14, 7]","[""MEDIUM-HARD-HARD"", ""MEDIUM-HARD-MEDIUM"", ""MEDIUM-MEDIUM-HARD-MEDIUM"", ""MEDIUM-MEDIUM-HARD"", ""MEDIUM-HARD-HARD-MEDIUM""]","[""MEDIUM-HARD-HARD"", ""MEDIUM-HARD-MEDIUM"", ""MEDIUM-MEDIUM-HARD-MEDIUM"", ""MEDIUM-MEDIUM-HARD"", ""MEDIUM-HARD-HARD-MEDIUM""]"
2025R23,Lusail,OCO,16,1,MEDIUM-HARD,[34],2,MEDIUM-HARD-HARD,"[21, 39]",0,0,0,0,0,0,,,"[""MEDIUM-HARD-HARD"", ""MEDIUM-HARD-MEDIUM"", ""MEDIUM-MEDIUM-HARD-MEDIUM"", ""MEDIUM-MEDIUM-HARD"", ""MEDIUM-HARD-HARD-MEDIUM""]","[""MEDIUM-HARD-HARD"", ""MEDIUM-HARD-MEDIUM"", ""MEDIUM-MEDIUM-HARD-MEDIUM"", ""MEDIUM-MEDIUM-HARD"", ""MEDIUM-HARD-HARD-MEDIUM""]"
2025R23,Lusail,HAM,17,2,SOFT-MEDIUM-MEDIUM,"[7, 32]",2,MEDIUM-HARD-HARD,"[21, 39]",0,0,1,0,0,1,14,"[14, 7]","[""MEDIUM-HARD-HARD"", ""MEDIUM-HARD-MEDIUM"", ""MEDIUM-MEDIUM-HARD-MEDIUM"", ""MEDIUM-MEDIUM-HARD"", ""MEDIUM-HARD-HARD-MEDIUM""]","[""MEDIUM-HARD-HARD"", ""MEDIUM-HARD-MEDIUM"", ""MEDIUM-MEDIUM-HARD-MEDIUM"", ""MEDIUM-MEDIUM-HARD"", ""MEDIUM-HARD-HARD-MEDIUM""]"
2025R23,Lusail,STR,18,3,MEDIUM-MEDIUM-MEDIUM-SOFT,"[7, 24, 49]",2,MEDIUM-HARD-HARD,"[21, 39]",0,0,0,0,0,1,,,"[""MEDIUM-HARD-HARD"", ""MEDIUM-HARD-MEDIUM"", ""MEDIUM-MEDIUM-HARD-MEDIUM"", ""MEDIUM-MEDIUM-HARD"", ""MEDIUM-HARD-HARD-MEDIUM""]","[""MEDIUM-HARD-HARD"", ""MEDIUM-HARD-MEDIUM"", ""MEDIUM-MEDIUM-HARD-MEDIUM"", ""MEDIUM-MEDIUM-HARD"", ""MEDIUM-HARD-HARD-MEDIUM""]"
2025R23,Lusail,BOR,19,2,MEDIUM-MEDIUM-SOFT,"[7, 32]",2,MEDIUM-HARD-HARD,"[21, 39]",0,0,1,0,0,1,14,"[14, 7]","[""MEDIUM-HARD-HARD"", ""MEDIUM-HARD-MEDIUM"", ""MEDIUM-MEDIUM-HARD-MEDIUM"", ""MEDIUM-MEDIUM-HARD"", ""MEDIUM-HARD-HARD-MEDIUM""]","[""MEDIUM-HARD-HARD"", ""MEDIUM-HARD-MEDIUM"", ""MEDIUM-MEDIUM-HARD-MEDIUM"", ""MEDIUM-MEDIUM-HARD"", ""MEDIUM-HARD-HARD-MEDIUM""]"
2025R23,Lusail,COL,20,2,HARD-MEDIUM-MEDIUM,"[7, 32]",2,MEDIUM-HARD-HARD,"[21, 39]",0,0,1,1,0,1,14,"[14, 7]","[""MEDIUM-HARD-HARD"", ""MEDIUM-HARD-MEDIUM"", ""MEDIUM-MEDIUM-HARD-MEDIUM"", ""MEDIUM-MEDIUM-HARD"", ""MEDIUM-HARD-HARD-MEDIUM""]","[""MEDIUM-HARD-HARD"", ""MEDIUM-HARD-MEDIUM"", ""MEDIUM-MEDIUM-HARD-MEDIUM"", ""MEDIUM-MEDIUM-HARD"", ""MEDIUM-HARD-HARD-MEDIUM""]"
2025R20,Mexico City,NOR,1,1,SOFT-MEDIUM,[34],1,MEDIUM-HARD,[28],0,0,1,1,0,1,6,[6],"[""MEDIUM-HARD"", ""MEDIUM-SOFT"", ""MEDIUM-HARD-HARD"", ""MEDIUM-HARD-MEDIUM"", ""MEDIUM-MEDIUM-HARD""]","[""MEDIUM-HARD"", ""MEDIUM-SOFT"", ""MEDIUM-HARD-HARD"", ""MEDIUM-HARD-MEDIUM"", ""MEDIUM-MEDIUM-HARD""]"
2025R20,Mexico City,LEC,2,1,SOFT-MEDIUM,[31],1,MEDIUM-HARD,[28],0,0,1,1,0,1,3,[3],"[""MEDIUM-HARD"", ""MEDIUM-SOFT"", ""MEDIUM-HARD-HARD"", ""MEDIUM-HARD-MEDIUM"", ""MEDIUM-MEDIUM-HARD""]","[""MEDIUM-HARD"", ""MEDIUM-SOFT"", ""MEDIUM-HARD-HARD"", ""MEDIUM-HARD-MEDIUM"", ""MEDIUM-MEDIUM-HARD""]"
2025R20,Mexico City,HAM,3,2,SOFT-MEDIUM-SOFT,"[23, 47]",1,MEDIUM-HARD,[28],0,0,0,0,0,0,,,"[""MEDIUM-HARD"", ""MEDIUM-SOFT"", ""MEDIUM-HARD-HARD"", ""MEDIUM-HARD-MEDIUM"", ""MEDIUM-MEDIUM-HARD""]","[""MEDIUM-HARD"", ""MEDIUM-SOFT"", ""MEDIUM-HARD-HARD"", ""MEDIUM-HARD-MEDIUM"", ""MEDIUM-MEDIUM-HARD""]"
2025R20,Mexico City,RUS,4,2,SOFT-MEDIUM-SOFT,"[25, 48]",1,MEDIUM-HARD,[28],0,0,0,0,0,0,,,"[""MEDIUM-HARD"", ""MEDIUM-SOFT"", ""MEDIUM-HARD-HARD"", ""MEDIUM-HARD-MEDIUM"", ""MEDIUM-MEDIUM-HARD""]","[""MEDIUM-HARD"", ""MEDIUM-SOFT"", ""MEDIUM-HARD-HARD"", ""MEDIUM-HARD-MEDIUM"", ""MEDIUM-MEDIUM-HARD""]"
2025R20,Mexico City,VER,5,1,MEDIUM-SOFT,[37],1,MEDIUM-HARD,[28],0,0,1,1,1,1,9,[9],"[""MEDIUM-HARD"", ""MEDIUM-SOFT"", ""MEDIUM-HARD-HARD"", ""MEDIUM-HARD-MEDIUM"", ""MEDIUM-MEDIUM-HARD""]","[""MEDIUM-HARD"", ""MEDIUM-SOFT"", ""MEDIUM-HARD-HARD"", ""MEDIUM-HARD-MEDIUM"", ""MEDIUM-MEDIUM-HARD""]"
2025R20,Mexico City,ANT,6,2,SOFT-MEDIUM-SOFT,"[22, 47]",1,MEDIUM-HARD,[28],0,0,0,0,0,0,,,"[""MEDIUM-HARD"", ""MEDIUM-SOFT"", ""MEDIUM-HARD-HARD"", ""MEDIUM-HARD-MEDIUM"", ""MEDIUM-MEDIUM-HARD""]","[""MEDIUM-HARD"", ""MEDIUM-SOFT"", ""MEDIUM-HARD-HARD"", ""MEDIUM-HARD-MEDIUM"", ""MEDIUM-MEDIUM-HARD""]"
2025R20,Mexico City,PIA,7,2,SOFT-MEDIUM-SOFT,"[24, 47]",1,MEDIUM-HARD,[28],0,0,0,0,0,0,,,"[""MEDIUM-HARD"", ""MEDIUM-SOFT"", ""MEDIUM-HARD-HARD"", ""MEDIUM-HARD-MEDIUM"", ""MEDIUM-MEDIUM-HARD""]","[""MEDIUM-HARD"", ""MEDIUM-SOFT"", ""MEDIUM-HARD-HARD"", ""MEDIUM-HARD-MEDIUM"", ""MEDIUM-MEDIUM-HARD""]"
2025R20,Mexico City,HAD,8,1,MEDIUM-SOFT,[34],1,MEDIUM-HARD,[28],0,0,1,1,1,1,6,[6],"[""MEDIUM-HARD"", ""MEDIUM-SOFT"", ""MEDIUM-HARD-HARD"", ""MEDIUM-HARD-MEDIUM"", ""MEDIUM-MEDIUM-HARD""]","[""MEDIUM-HARD"", ""MEDIUM-SOFT"", ""MEDIUM-HARD-HARD"", ""MEDIUM-HARD-MEDIUM"", ""MEDIUM-MEDIUM-HARD""]"
2025R20,Mexico City,BEA,9,2,SOFT-MEDIUM-SOFT,"[24, 48]",1,MEDIUM-HARD,[28],0,0,0,0,0,0,,,"[""MEDIUM-HARD"", ""MEDIUM-SOFT"", ""MEDIUM-HARD-HARD"", ""MEDIUM-HARD-MEDIUM"", ""MEDIUM-MEDIUM-HARD""]","[""MEDIUM-HARD"", ""MEDIUM-SOFT"", ""MEDIUM-HARD-HARD"", ""MEDIUM-HARD-MEDIUM"", ""MEDIUM-MEDIUM-HARD""]"
2025R20,Mexico City,TSU,10,1,MEDIUM-SOFT,[36],1,MEDIUM-HARD,[28],0,0,1,1,1,1,8,[8],"[""MEDIUM-HARD"", ""MEDIUM-SOFT"", ""MEDIUM-HARD-HARD"", ""MEDIUM-HARD-MEDIUM"", ""MEDIUM-MEDIUM-HARD""]","[""MEDIUM-HARD"", ""MEDIUM-SOFT"", ""MEDIUM-HARD-HARD"", ""MEDIUM-HARD-MEDIUM"", ""MEDIUM-MEDIUM-HARD""]"
2025R20,Mexico City,OCO,11,1,SOFT-MEDIUM,[27],1,MEDIUM-HARD,[28],0,0,1,1,0,1,1,[1],"[""MEDIUM-HARD"", ""MEDIUM-SOFT"", ""MEDIUM-HARD-HARD"", ""MEDIUM-HARD-MEDIUM"", ""MEDIUM-MEDIUM-HARD""]","[""MEDIUM-HARD"", ""MEDIUM-SOFT"", ""MEDIUM-HARD-HARD"", ""MEDIUM-HARD-MEDIUM"", ""MEDIUM-MEDIUM-HARD""]"
2025R20,Mexico City,SAI,12,3,MEDIUM-SOFT-SOFT-SOFT,"[17, 46, 56]",1,MEDIUM-HARD,[28],0,0,0,0,0,0,,,"[""MEDIUM-HARD"", ""MEDIUM-SOFT"", ""MEDIUM-HARD-HARD"", ""MEDIUM-HARD-MEDIUM"", ""MEDIUM-MEDIUM-HARD""]","[""MEDIUM-HARD"", ""MEDIUM-SOFT"", ""MEDIUM-HARD-HARD"", ""MEDIUM-HARD-MEDIUM"", ""MEDIUM-MEDIUM-HARD""]"
2025R20,Mexico City,BOR,16,1,MEDIUM-SOFT,[37],1,MEDIUM-HARD,[28],0,0,1,1,1,1,9,[9],"[""MEDIUM-HARD"", ""MEDIUM-SOFT"", ""MEDIUM-HARD-HARD"", ""MEDIUM-HARD-MEDIUM"", ""MEDIUM-MEDIUM-HARD""]","[""MEDIUM-HARD"", ""MEDIUM-SOFT"", ""MEDIUM-HARD-HARD"", ""MEDIUM-HARD-MEDIUM"", ""MEDIUM-MEDIUM-HARD""]"
2025R20,Mexico City,ALB,17,1,HARD-SOFT,[41],1,MEDIUM-HARD,[28],0,0,1,0,0,1,13,[13],"[""MEDIUM-HARD"", ""MEDIUM-SOFT"", ""MEDIUM-HARD-HARD"", ""MEDIUM-HARD-MEDIUM"", ""MEDIUM-MEDIUM-HARD""]","[""MEDIUM-HARD"", ""MEDIUM-SOFT"", ""MEDIUM-HARD-HARD"", ""MEDIUM-HARD-MEDIUM"", ""MEDIUM-MEDIUM-HARD""]"
2025R20,Mexico City,GAS,18,1,MEDIUM-SOFT,[33],1,MEDIUM-HARD,[28],0,0,1,1,1,1,5,[5],"[""MEDIUM-HARD"", ""MEDIUM-SOFT"", ""MEDIUM-HARD-HARD"", ""MEDIUM-HARD-MEDIUM"", ""MEDIUM-MEDIUM-HARD""]","[""MEDIUM-HARD"", ""MEDIUM-SOFT"", ""MEDIUM-HARD-HARD"", ""MEDIUM-HARD-MEDIUM"", ""MEDIUM-MEDIUM-HARD""]"
2025R20,Mexico City,STR,19,2,SOFT-MEDIUM-SOFT,"[26, 43]",1,MEDIUM-HARD,[28],0,0,0,0,0,0,,,"[""MEDIUM-HARD"", ""MEDIUM-SOFT"", ""MEDIUM-HARD-HARD"", ""MEDIUM-HARD-MEDIUM"", ""MEDIUM-MEDIUM-HARD""]","[""MEDIUM-HARD"", ""MEDIUM-SOFT"", ""MEDIUM-HARD-HARD"", ""MEDIUM-HARD-MEDIUM"", ""MEDIUM-MEDIUM-HARD""]"
2025R20,Mexico City,COL,20,1,HARD-SOFT,[48],1,MEDIUM-HARD,[28],0,0,1,0,0,1,20,[20],"[""MEDIUM-HARD"", ""MEDIUM-SOFT"", ""MEDIUM-HARD-HARD"", ""MEDIUM-HARD-MEDIUM"", ""MEDIUM-MEDIUM-HARD""]","[""MEDIUM-HARD"", ""MEDIUM-SOFT"", ""MEDIUM-HARD-HARD"", ""MEDIUM-HARD-MEDIUM"", ""MEDIUM-MEDIUM-HARD""]"
2025R24,Yas Island,VER,1,1,MEDIUM-HARD,[23],1,MEDIUM-HARD,[22],1,1,1,1,1,1,1,[1],"[""MEDIUM-HARD"", ""MEDIUM-HARD-HARD"", ""MEDIUM-HARD-MEDIUM"", ""MEDIUM-MEDIUM-HARD"", ""MEDIUM-SOFT""]","[""MEDIUM-HARD"", ""MEDIUM-HARD-HARD"", ""MEDIUM-HARD-MEDIUM"", ""MEDIUM-MEDIUM-HARD"", ""MEDIUM-SOFT""]"
2025R24,Yas Island,NOR,2,2,MEDIUM-HARD-HARD,"[16, 40]",1,MEDIUM-HARD,[22],0,0,0,1,1,1,,,"[""MEDIUM-HARD"", ""MEDIUM-HARD-HARD"", ""MEDIUM-HARD-MEDIUM"", ""MEDIUM-MEDIUM-HARD"", ""MEDIUM-SOFT""]","[""MEDIUM-HARD"", ""MEDIUM-HARD-HARD"", ""MEDIUM-HARD-MEDIUM"", ""MEDIUM-MEDIUM-HARD"", ""MEDIUM-SOFT""]"
2025R24,Yas Island,PIA,3,1,HARD-MEDIUM,[41],1,MEDIUM-HARD,[22],1,0,1,1,0,1,19,[19],"[""MEDIUM-HARD"", ""MEDIUM-HARD-HARD"", ""MEDIUM-HARD-MEDIUM"", ""MEDIUM-MEDIUM-HARD"", ""MEDIUM-SOFT""]","[""MEDIUM-HARD"", ""MEDIUM-HARD-HARD"", ""MEDIUM-HARD-MEDIUM"", ""MEDIUM-MEDIUM-HARD"", ""MEDIUM-SOFT""]"
2025R24,Yas Island,RUS,4,1,MEDIUM-HARD,[14],1,MEDIUM-HARD,[22],1,1,1,1,1,1,8,[8],"[""MEDIUM-HARD"", ""MEDIUM-HARD-HARD"", ""MEDIUM-HARD-MEDIUM"", ""MEDIUM-MEDIUM-HARD"", ""MEDIUM-SOFT""]","[""MEDIUM-HARD"", ""MEDIUM-HARD-HARD"", ""MEDIUM-HARD-MEDIUM"", ""MEDIUM-MEDIUM-HARD"", ""MEDIUM-SOFT""]"
2025R24,Yas Island,LEC,5,2,MEDIUM-HARD-MEDIUM,"[16, 39]",1,MEDIUM-HARD,[22],0,0,0,1,1,1,,,"[""MEDIUM-HARD"", ""MEDIUM-HARD-HARD"", ""MEDIUM-HARD-MEDIUM"", ""MEDIUM-MEDIUM-HARD"", ""MEDIUM-SOFT""]","[""MEDIUM-HARD"", ""MEDIUM-HARD-HARD"", ""MEDIUM-HARD-MEDIUM"", ""MEDIUM-MEDIUM-HARD"", ""MEDIUM-SOFT""]"
2025R24,Yas Island,ALO,6,1,MEDIUM-HARD,[16],1,MEDIUM-HARD,[22],1,1,1,1,1,1,6,[6],"[""MEDIUM-HARD"", ""MEDIUM-HARD-HARD"", ""MEDIUM-HARD-MEDIUM"", ""MEDIUM-MEDIUM-HARD"", ""MEDIUM-SOFT""]","[""MEDIUM-HARD"", ""MEDIUM-HARD-HARD"", ""MEDIUM-HARD-MEDIUM"", ""MEDIUM-MEDIUM-HARD"", ""MEDIUM-SOFT""]"
2025R24,Yas Island,BOR,7,1,MEDIUM-HARD,[15],1,MEDIUM-HARD,[22],1,1,1,1,1,1,7,[7],"[""MEDIUM-HARD"", ""MEDIUM-HARD-HARD"", ""MEDIUM-HARD-MEDIUM"", ""MEDIUM-MEDIUM-HARD"", ""MEDIUM-SOFT""]","[""MEDIUM-HARD"", ""MEDIUM-HARD-HARD"", ""MEDIUM-HARD-MEDIUM"", ""MEDIUM-MEDIUM-HARD"", ""MEDIUM-SOFT""]"
2025R24,Yas Island,OCO,8,1,MEDIUM-HARD,[19],1,MEDIUM-HARD,[22],1,1,1,1,1,1,3,[3],"[""MEDIUM-HARD"", ""MEDIUM-HARD-HARD"", ""MEDIUM-HARD-MEDIUM"", ""MEDIUM-MEDIUM-HARD"", ""MEDIUM-SOFT""]","[""MEDIUM-HARD"", ""MEDIUM-HARD-HARD"", ""MEDIUM-HARD-MEDIUM"", ""MEDIUM-MEDIUM-HARD"", ""MEDIUM-SOFT""]"
2025R24,Yas Island,HAD,9,1,MEDIUM-HARD,[14],1,MEDIUM-HARD,[22],1,1,1,1,1,1,8,[8],"[""MEDIUM-HARD"", ""MEDIUM-HARD-HARD"", ""MEDIUM-HARD-MEDIUM"", ""MEDIUM-MEDIUM-HARD"", ""MEDIUM-SOFT""]","[""MEDIUM-HARD"", ""MEDIUM-HARD-HARD"", ""MEDIUM-HARD-MEDIUM"", ""MEDIUM-MEDIUM-HARD"", ""MEDIUM-SOFT""]"
2025R24,Yas Island,TSU,10,1,HARD-MEDIUM,[32],1,MEDIUM-HARD,[22],1,0,1,1,0,1,10,[10],"[""MEDIUM-HARD"", ""MEDIUM-HARD-HARD"", ""MEDIUM-HARD-MEDIUM"", ""MEDIUM-MEDIUM-HARD"", ""MEDIUM-SOFT""]","[""MEDIUM-HARD"", ""MEDIUM-HARD-HARD"", ""MEDIUM-HARD-MEDIUM"", ""MEDIUM-MEDIUM-HARD"", ""MEDIUM-SOFT""]"
2025R24,Yas Island,BEA,11,1,MEDIUM-HARD,[14],1,MEDIUM-HARD,[22],1,1,1,1,1,1,8,[8],"[""MEDIUM-HARD"", ""MEDIUM-HARD-HARD"", ""MEDIUM-HARD-MEDIUM"", ""MEDIUM-MEDIUM-HARD"", ""MEDIUM-SOFT""]","[""MEDIUM-HARD"", ""MEDIUM-HARD-HARD"", ""MEDIUM-HARD-MEDIUM"", ""MEDIUM-MEDIUM-HARD"", ""MEDIUM-SOFT""]"
2025R24,Yas Island,SAI,12,1,MEDIUM-HARD,[18],1,MEDIUM-HARD,[22],1,1,1,1,1,1,4,[4],"[""MEDIUM-HARD"", ""MEDIUM-HARD-HARD"", ""MEDIUM-HARD-MEDIUM"", ""MEDIUM-MEDIUM-HARD"", ""MEDIUM-SOFT""]","[""MEDIUM-HARD"", ""MEDIUM-HARD-HARD"", ""MEDIUM-HARD-MEDIUM"", ""MEDIUM-MEDIUM-HARD"", ""MEDIUM-SOFT""]"
2025R24,Yas Island,LAW,13,1,MEDIUM-HARD,[21],1,MEDIUM-HARD,[22],1,1,1,1,1,1,1,[1],"[""MEDIUM-HARD"", ""MEDIUM-HARD-HARD"", ""MEDIUM-HARD-MEDIUM"", ""MEDIUM-MEDIUM-HARD"", ""MEDIUM-SOFT""]","[""MEDIUM-HARD"", ""MEDIUM-HARD-HARD"", ""MEDIUM-HARD-MEDIUM"", ""MEDIUM-MEDIUM-HARD"", ""MEDIUM-SOFT""]"
2025R24,Yas Island,ANT,14,1,HARD-MEDIUM,[32],1,MEDIUM-HARD,[22],1,0,1,1,0,1,10,[10],"[""MEDIUM-HARD"", ""MEDIUM-HARD-HARD"", ""MEDIUM-HARD-MEDIUM"", ""MEDIUM-MEDIUM-HARD"", ""MEDIUM-SOFT""]","[""MEDIUM-HARD"", ""MEDIUM-HARD-HARD"", ""MEDIUM-HARD-MEDIUM"", ""MEDIUM-MEDIUM-HARD"", ""MEDIUM-SOFT""]"
2025R24,Yas Island,STR,15,1,HARD-MEDIUM,[42],1,MEDIUM-HARD,[22],1,0,1,1,0,1,20,[20],"[""MEDIUM-HARD"", ""MEDIUM-HARD-HARD"", ""MEDIUM-HARD-MEDIUM"", ""MEDIUM-MEDIUM-HARD"", ""MEDIUM-SOFT""]","[""MEDIUM-HARD"", ""MEDIUM-HARD-HARD"", ""MEDIUM-HARD-MEDIUM"", ""MEDIUM-MEDIUM-HARD"", ""MEDIUM-SOFT""]"
2025R24,Yas Island,HAM,16,2,SOFT-HARD-MEDIUM,"[8, 31]",1,MEDIUM-HARD,[22],0,0,0,0,0,1,,,"[""MEDIUM-HARD"", ""MEDIUM-HARD-HARD"", ""MEDIUM-HARD-MEDIUM"", ""MEDIUM-MEDIUM-HARD"", ""MEDIUM-SOFT""]","[""MEDIUM-HARD"", ""MEDIUM-HARD-HARD"", ""MEDIUM-HARD-MEDIUM"", ""MEDIUM-MEDIUM-HARD"", ""MEDIUM-SOFT""]"
2025R24,Yas Island,ALB,17,2,SOFT-HARD-MEDIUM,"[8, 33]",1,MEDIUM-HARD,[22],0,0,0,0,0,1,,,"[""MEDIUM-HARD"", ""MEDIUM-HARD-HARD"", ""MEDIUM-HARD-MEDIUM"", ""MEDIUM-MEDIUM-HARD"", ""MEDIUM-SOFT""]","[""MEDIUM-HARD"", ""MEDIUM-HARD-HARD"", ""MEDIUM-HARD-MEDIUM"", ""MEDIUM-MEDIUM-HARD"", ""MEDIUM-SOFT""]"
2025R24,Yas Island,HUL,18,2,SOFT-HARD-MEDIUM,"[7, 42]",1,MEDIUM-HARD,[22],0,0,0,0,0,1,,,"[""MEDIUM-HARD"", ""MEDIUM-HARD-HARD"", ""MEDIUM-HARD-MEDIUM"", ""MEDIUM-MEDIUM-HARD"", ""MEDIUM-SOFT""]","[""MEDIUM-HARD"", ""MEDIUM-HARD-HARD"", ""MEDIUM-HARD-MEDIUM"", ""MEDIUM-MEDIUM-HARD"", ""MEDIUM-SOFT""]"
2025R24,Yas Island,GAS,19,2,MEDIUM-HARD-MEDIUM,"[13, 40]",1,MEDIUM-HARD,[22],0,0,0,1,1,1,,,"[""MEDIUM-HARD"", ""MEDIUM-HARD-HARD"", ""MEDIUM-HARD-MEDIUM"", ""MEDIUM-MEDIUM-HARD"", ""MEDIUM-SOFT""]","[""MEDIUM-HARD"", ""MEDIUM-HARD-HARD"", ""MEDIUM-HARD-MEDIUM"", ""MEDIUM-MEDIUM-HARD"", ""MEDIUM-SOFT""]"
2025R24,Yas Island,COL,20,2,MEDIUM-HARD-MEDIUM,"[15, 40]",1,MEDIUM-HARD,[22],0,0,0,1,1,1,,,"[""MEDIUM-HARD"", ""MEDIUM-HARD-HARD"", ""MEDIUM-HARD-MEDIUM"", ""MEDIUM-MEDIUM-HARD"", ""MEDIUM-SOFT""]","[""MEDIUM-HARD"", ""MEDIUM-HARD-HARD"", ""MEDIUM-HARD-MEDIUM"", ""MEDIUM-MEDIUM-HARD"", ""MEDIUM-SOFT""]"
